,Date,Close,Open,High,Low,Increase
0,20091231,0.54,0.54,0.54,0.54,-0.55%
1,20091230,0.543,0.543,0.543,0.543,0.00%
2,20091229,0.543,0.543,0.543,0.543,0.56%
3,20091224,0.54,0.54,0.54,0.54,0.56%
4,20091223,0.537,0.537,0.537,0.537,-0.19%
5,20091222,0.538,0.538,0.538,0.538,1.13%
6,20091221,0.532,0.532,0.532,0.532,2.70%
7,20091218,0.518,0.518,0.518,0.518,-1.71%
8,20091217,0.527,0.527,0.527,0.527,0.00%
9,20091216,0.527,0.527,0.527,0.527,-1.50%
10,20091215,0.535,0.535,0.535,0.535,2.29%
11,20091214,0.523,0.523,0.523,0.523,2.15%
12,20091211,0.512,0.512,0.512,0.512,0.99%
13,20091210,0.507,0.507,0.507,0.507,-0.20%
14,20091209,0.508,0.508,0.508,0.508,0.99%
15,20091208,0.503,0.503,0.503,0.503,-1.37%
16,20091207,0.51,0.51,0.51,0.51,2.62%
17,20091204,0.497,0.497,0.497,0.497,-0.60%
18,20091203,0.5,0.5,0.5,0.5,1.63%
19,20091202,0.492,0.492,0.492,0.492,0.00%
20,20091201,0.492,0.492,0.492,0.492,-0.20%
21,20091130,0.493,0.493,0.493,0.493,-0.80%
22,20091127,0.497,0.497,0.497,0.497,-1.19%
23,20091126,0.503,0.503,0.503,0.503,0.00%
24,20091125,0.503,0.503,0.503,0.503,1.62%
25,20091124,0.495,0.495,0.495,0.495,0.41%
26,20091123,0.493,0.493,0.493,0.493,1.23%
27,20091120,0.487,0.487,0.487,0.487,0.00%
28,20091119,0.487,0.487,0.487,0.487,2.53%
29,20091118,0.475,0.475,0.475,0.475,-6.31%
30,20091117,0.507,0.507,0.507,0.507,2.01%
31,20091116,0.497,0.497,0.497,0.497,0.81%
32,20091113,0.493,0.493,0.493,0.493,0.00%
33,20091112,0.493,0.493,0.493,0.493,0.61%
34,20091111,0.49,0.49,0.49,0.49,-1.01%
35,20091110,0.495,0.495,0.495,0.495,-1.39%
36,20091109,0.502,0.502,0.502,0.502,0.00%
37,20091106,0.502,0.502,0.502,0.502,2.87%
38,20091105,0.488,0.488,0.488,0.488,-0.41%
39,20091104,0.49,0.49,0.49,0.49,0.00%
40,20091103,0.49,0.49,0.49,0.49,1.03%
41,20091102,0.485,0.485,0.485,0.485,1.46%
42,20091030,0.478,0.478,0.478,0.478,0.63%
43,20091029,0.475,0.475,0.475,0.475,0.64%
44,20091028,0.472,0.472,0.472,0.472,-1.67%
45,20091027,0.48,0.48,0.48,0.48,-4.57%
46,20091026,0.503,0.503,0.503,0.503,-4.19%
47,20091023,0.525,0.525,0.525,0.525,-0.57%
48,20091022,0.528,0.528,0.528,0.528,1.93%
49,20091021,0.518,0.518,0.518,0.518,5.07%
50,20091020,0.493,0.493,0.493,0.493,1.02%
51,20091019,0.488,0.488,0.488,0.488,1.04%
52,20091016,0.483,0.483,0.483,0.483,1.05%
53,20091015,0.478,0.478,0.478,0.478,0.63%
54,20091014,0.475,0.475,0.475,0.475,1.50%
55,20091013,0.468,0.468,0.468,0.468,0.65%
56,20091012,0.465,0.465,0.465,0.465,0.43%
57,20091009,0.463,0.463,0.463,0.463,1.09%
58,20091008,0.458,0.458,0.458,0.458,0.22%
59,20091007,0.457,0.457,0.457,0.457,-0.65%
60,20091006,0.46,0.46,0.46,0.46,1.10%
61,20091005,0.455,0.455,0.455,0.455,1.56%
62,20091002,0.448,0.448,0.448,0.448,-1.10%
63,20091001,0.453,0.453,0.453,0.453,0.22%
64,20090930,0.452,0.452,0.452,0.452,8.39%
65,20090929,0.417,0.417,0.417,0.417,3.47%
66,20090928,0.403,0.403,0.403,0.403,-2.18%
67,20090925,0.412,0.412,0.412,0.412,2.23%
68,20090924,0.403,0.403,0.403,0.403,-2.42%
69,20090923,0.413,0.413,0.413,0.413,2.74%
70,20090922,0.402,0.402,0.402,0.402,-1.47%
71,20090921,0.408,0.408,0.408,0.408,-0.49%
72,20090918,0.41,0.41,0.41,0.41,0.00%
73,20090917,0.41,0.41,0.41,0.41,1.23%
74,20090916,0.405,0.405,0.405,0.405,-4.71%
75,20090915,0.425,0.425,0.425,0.425,-2.30%
76,20090914,0.435,0.435,0.435,0.435,1.16%
77,20090911,0.43,0.43,0.43,0.43,1.65%
78,20090910,0.423,0.423,0.423,0.423,0.00%
79,20090909,0.423,0.423,0.423,0.423,0.24%
80,20090908,0.422,0.422,0.422,0.422,0.96%
81,20090907,0.418,0.418,0.418,0.418,-2.34%
82,20090904,0.428,0.428,0.428,0.428,-2.28%
83,20090903,0.438,0.438,0.438,0.438,0.00%
84,20090902,0.438,0.438,0.438,0.438,0.69%
85,20090901,0.435,0.435,0.435,0.435,-3.33%
86,20090828,0.45,0.45,0.45,0.45,0.00%
87,20090827,0.45,0.45,0.45,0.45,0.45%
88,20090826,0.448,0.448,0.448,0.448,0.67%
89,20090825,0.445,0.445,0.445,0.445,-1.77%
90,20090824,0.453,0.453,0.453,0.453,0.22%
91,20090821,0.452,0.452,0.452,0.452,-1.74%
92,20090820,0.46,0.46,0.46,0.46,-2.54%
93,20090819,0.472,0.472,0.472,0.472,-3.08%
94,20090818,0.487,0.487,0.487,0.487,2.53%
95,20090817,0.475,0.475,0.475,0.475,0.64%
96,20090814,0.472,0.472,0.472,0.472,-1.05%
97,20090813,0.477,0.477,0.477,0.477,-7.92%
98,20090812,0.518,0.518,0.518,0.518,-0.77%
99,20090811,0.522,0.522,0.522,0.522,-2.79%
100,20090810,0.537,0.537,0.537,0.537,-3.24%
101,20090807,0.555,0.555,0.555,0.555,0.91%
102,20090806,0.55,0.55,0.55,0.55,0.00%
103,20090805,0.55,0.55,0.55,0.55,7.21%
104,20090804,0.513,0.513,0.513,0.513,2.60%
105,20090803,0.5,0.5,0.5,0.5,0.00%
106,20090731,0.5,0.5,0.5,0.5,0.40%
107,20090730,0.498,0.498,0.498,0.498,-1.78%
108,20090729,0.507,0.507,0.507,0.507,-0.20%
109,20090728,0.508,0.508,0.508,0.508,-0.97%
110,20090727,0.513,0.513,0.513,0.513,-1.72%
111,20090724,0.522,0.522,0.522,0.522,0.38%
112,20090723,0.52,0.52,0.52,0.52,1.56%
113,20090722,0.512,0.512,0.512,0.512,-0.58%
114,20090721,0.515,0.515,0.515,0.515,-0.96%
115,20090720,0.52,0.52,0.52,0.52,0.39%
116,20090717,0.518,0.518,0.518,0.518,-2.26%
117,20090716,0.53,0.53,0.53,0.53,-0.38%
118,20090715,0.532,0.532,0.532,0.532,-1.85%
119,20090714,0.542,0.542,0.542,0.542,-0.91%
120,20090713,0.547,0.547,0.547,0.547,1.30%
121,20090710,0.54,0.54,0.54,0.54,-0.55%
122,20090709,0.543,0.543,0.543,0.543,-0.91%
123,20090708,0.548,0.548,0.548,0.548,-2.14%
124,20090707,0.56,0.56,0.56,0.56,-0.88%
125,20090706,0.565,0.565,0.565,0.565,-1.74%
126,20090703,0.575,0.575,0.575,0.575,-4.80%
127,20090702,0.604,0.604,0.604,0.604,-2.11%
128,20090701,0.617,0.617,0.617,0.617,-1.59%
129,20090630,0.627,0.627,0.627,0.627,1.95%
130,20090629,0.615,0.615,0.615,0.615,0.49%
131,20090626,0.612,0.612,0.612,0.612,-1.61%
132,20090625,0.622,0.622,0.622,0.622,0.00%
133,20090624,0.622,0.622,0.622,0.622,-2.51%
134,20090623,0.638,0.638,0.638,0.638,-1.09%
135,20090622,0.645,0.645,0.645,0.645,-0.46%
136,20090619,0.648,0.648,0.648,0.648,0.78%
137,20090618,0.643,0.643,0.643,0.643,-0.31%
138,20090617,0.645,0.645,0.645,0.645,-0.46%
139,20090616,0.648,0.648,0.648,0.648,0.15%
140,20090615,0.647,0.647,0.647,0.647,-0.77%
141,20090612,0.652,0.652,0.652,0.652,0.00%
142,20090611,0.652,0.652,0.652,0.652,0.62%
143,20090610,0.648,0.648,0.648,0.648,-1.82%
144,20090609,0.66,0.66,0.66,0.66,0.00%
145,20090608,0.66,0.66,0.66,0.66,3.94%
146,20090605,0.635,0.635,0.635,0.635,0.00%
147,20090604,0.635,0.635,0.635,0.635,-0.31%
148,20090603,0.637,0.637,0.637,0.637,0.31%
149,20090602,0.635,0.635,0.635,0.635,0.00%
150,20090601,0.635,0.635,0.635,0.635,1.11%
151,20090529,0.628,0.628,0.628,0.628,-2.64%
152,20090528,0.645,0.645,0.645,0.645,0.31%
153,20090527,0.643,0.643,0.643,0.643,-0.31%
154,20090526,0.645,0.645,0.645,0.645,0.31%
155,20090522,0.643,0.643,0.643,0.643,1.26%
156,20090521,0.635,0.635,0.635,0.635,-0.31%
157,20090520,0.637,0.637,0.637,0.637,0.00%
158,20090519,0.637,0.637,0.637,0.637,-0.78%
159,20090518,0.642,0.642,0.642,0.642,0.00%
160,20090515,0.642,0.642,0.642,0.642,-0.93%
161,20090514,0.648,0.648,0.648,0.648,0.78%
162,20090513,0.643,0.643,0.643,0.643,-1.38%
163,20090512,0.652,0.652,0.652,0.652,0.31%
164,20090511,0.65,0.65,0.65,0.65,1.09%
165,20090508,0.643,0.643,0.643,0.643,-2.58%
166,20090507,0.66,0.66,0.66,0.66,1.23%
167,20090506,0.652,0.652,0.652,0.652,0.00%
168,20090505,0.652,0.652,0.652,0.652,0.77%
169,20090501,0.647,0.647,0.647,0.647,-1.52%
170,20090430,0.657,0.657,0.657,0.657,-0.90%
171,20090429,0.663,0.663,0.663,0.663,1.69%
172,20090428,0.652,0.652,0.652,0.652,1.40%
173,20090427,0.643,0.643,0.643,0.643,-2.58%
174,20090424,0.66,0.66,0.66,0.66,-0.75%
175,20090423,0.665,0.665,0.665,0.665,-5.41%
176,20090422,0.703,0.703,0.703,0.703,-1.40%
177,20090421,0.713,0.713,0.713,0.713,0.00%
178,20090420,0.713,0.713,0.713,0.713,0.14%
179,20090417,0.712,0.712,0.712,0.712,-0.42%
180,20090416,0.715,0.715,0.715,0.715,0.28%
181,20090415,0.713,0.713,0.713,0.713,-0.70%
182,20090414,0.718,0.718,0.718,0.718,-1.37%
183,20090409,0.728,0.728,0.728,0.728,-0.55%
184,20090408,0.732,0.732,0.732,0.732,-2.01%
185,20090407,0.747,0.747,0.747,0.747,-0.80%
186,20090406,0.753,0.753,0.753,0.753,1.07%
187,20090403,0.745,0.745,0.745,0.745,1.64%
188,20090402,0.733,0.733,0.733,0.733,0.83%
189,20090401,0.727,0.727,0.727,0.727,-1.49%
190,20090331,0.738,0.738,0.738,0.738,-1.20%
191,20090330,0.747,0.747,0.747,0.747,-1.06%
192,20090327,0.755,0.755,0.755,0.755,-0.40%
193,20090326,0.758,0.758,0.758,0.758,1.07%
194,20090325,0.75,0.75,0.75,0.75,2.46%
195,20090324,0.732,0.732,0.732,0.732,3.83%
196,20090323,0.705,0.705,0.705,0.705,2.17%
197,20090320,0.69,0.69,0.69,0.69,-2.13%
198,20090319,0.705,0.705,0.705,0.705,-2.49%
199,20090318,0.723,0.723,0.723,0.723,-1.23%
200,20090317,0.732,0.732,0.732,0.732,-2.40%
201,20090316,0.75,0.75,0.75,0.75,0.94%
202,20090313,0.743,0.743,0.743,0.743,2.06%
203,20090312,0.728,0.728,0.728,0.728,-3.96%
204,20090311,0.758,0.758,0.758,0.758,-0.66%
205,20090310,0.763,0.763,0.763,0.763,3.81%
206,20090309,0.735,0.735,0.735,0.735,-1.61%
207,20090306,0.747,0.747,0.747,0.747,18.20%
208,20090305,0.632,0.632,0.632,0.632,-0.94%
209,20090304,0.638,0.638,0.638,0.638,-0.31%
210,20090303,0.64,0.64,0.64,0.64,-6.16%
211,20090302,0.682,0.682,0.682,0.682,-6.58%
212,20090227,0.73,0.73,0.73,0.73,-2.01%
213,20090226,0.745,0.745,0.745,0.745,-0.93%
214,20090225,0.752,0.752,0.752,0.752,-5.17%
215,20090224,0.793,0.793,0.793,0.793,-2.34%
216,20090223,0.812,0.812,0.812,0.812,1.50%
217,20090220,0.8,0.8,0.8,0.8,-0.62%
218,20090219,0.805,0.805,0.805,0.805,3.21%
219,20090218,0.78,0.78,0.78,0.78,1.04%
220,20090217,0.772,0.772,0.772,0.772,1.18%
221,20090216,0.763,0.763,0.763,0.763,2.42%
222,20090213,0.745,0.745,0.745,0.745,-0.27%
223,20090212,0.747,0.747,0.747,0.747,-5.20%
224,20090211,0.788,0.788,0.788,0.788,-15.09%
225,20090210,0.928,0.928,0.928,0.928,-2.62%
226,20090209,0.953,0.953,0.953,0.953,0.11%
227,20090206,0.952,0.952,0.952,0.952,-1.86%
228,20090205,0.97,0.97,0.97,0.97,-1.32%
229,20090204,0.983,0.983,0.983,0.983,-1.50%
230,20090203,0.998,0.998,0.998,0.998,0.30%
231,20090202,0.995,0.995,0.995,0.995,1.02%
232,20090130,0.985,0.985,0.985,0.985,0.31%
233,20090129,0.982,0.982,0.982,0.982,1.45%
234,20090128,0.968,0.968,0.968,0.968,-0.21%
235,20090127,0.97,0.97,0.97,0.97,3.41%
236,20090126,0.938,0.938,0.938,0.938,-0.95%
237,20090123,0.947,0.947,0.947,0.947,1.28%
238,20090122,0.935,0.935,0.935,0.935,2.97%
239,20090121,0.908,0.908,0.908,0.908,-14.10%
240,20090120,1.057,1.057,1.057,1.057,-1.95%
241,20090119,1.078,1.078,1.078,1.078,1.51%
242,20090116,1.062,1.062,1.062,1.062,1.14%
243,20090115,1.05,1.05,1.05,1.05,-0.47%
244,20090114,1.055,1.055,1.055,1.055,0.29%
245,20090113,1.052,1.052,1.052,1.052,0.00%
246,20090112,1.052,1.052,1.052,1.052,1.94%
247,20090109,1.032,1.032,1.032,1.032,-2.92%
248,20090108,1.063,1.063,1.063,1.063,-6.75%
249,20090107,1.14,1.14,1.14,1.14,-0.61%
250,20090106,1.147,1.147,1.147,1.147,-1.12%
251,20090105,1.16,1.16,1.16,1.16,-1.94%
252,20090102,1.183,1.183,1.183,1.183,-2.39%
253,20081231,1.212,1.212,1.212,1.212,-1.70%
254,20081230,1.233,1.233,1.233,1.233,-0.80%
255,20081229,1.243,1.243,1.243,1.243,-3.27%
256,20081224,1.285,1.285,1.285,1.285,0.63%
257,20081223,1.277,1.277,1.277,1.277,-2.15%
258,20081222,1.305,1.305,1.305,1.305,-1.14%
259,20081219,1.32,1.32,1.32,1.32,5.85%
260,20081218,1.247,1.247,1.247,1.247,-6.59%
261,20081217,1.335,1.335,1.335,1.335,-9.61%
262,20081216,1.477,1.477,1.477,1.477,-0.34%
263,20081215,1.482,1.482,1.482,1.482,1.30%
264,20081212,1.463,1.463,1.463,1.463,-0.61%
265,20081211,1.472,1.472,1.472,1.472,2.44%
266,20081210,1.437,1.437,1.437,1.437,1.70%
267,20081209,1.413,1.413,1.413,1.413,-1.88%
268,20081208,1.44,1.44,1.44,1.44,3.23%
269,20081205,1.395,1.395,1.395,1.395,9.58%
270,20081204,1.273,1.273,1.273,1.273,-4.64%
271,20081203,1.335,1.335,1.335,1.335,-11.71%
272,20081202,1.512,1.512,1.512,1.512,-7.92%
273,20081201,1.642,1.642,1.642,1.642,-4.81%
274,20081128,1.725,1.725,1.725,1.725,-1.54%
275,20081127,1.752,1.752,1.752,1.752,5.99%
276,20081126,1.653,1.653,1.653,1.653,-0.72%
277,20081125,1.665,1.665,1.665,1.665,-1.65%
278,20081124,1.693,1.693,1.693,1.693,-1.68%
279,20081121,1.722,1.722,1.722,1.722,-2.27%
280,20081120,1.762,1.762,1.762,1.762,-3.72%
281,20081119,1.83,1.83,1.83,1.83,-2.50%
282,20081118,1.877,1.877,1.877,1.877,-2.75%
283,20081117,1.93,1.93,1.93,1.93,-3.02%
284,20081114,1.99,1.99,1.99,1.99,-2.69%
285,20081113,2.045,2.045,2.045,2.045,-8.50%
286,20081112,2.235,2.235,2.235,2.235,-5.70%
287,20081111,2.37,2.37,2.37,2.37,-1.37%
288,20081110,2.403,2.403,2.403,2.403,-0.50%
289,20081107,2.415,2.415,2.415,2.415,-20.30%
290,20081106,3.03,3.03,3.03,3.03,-4.17%
291,20081105,3.162,3.162,3.162,3.162,-3.66%
292,20081104,3.282,3.282,3.282,3.282,-2.81%
293,20081103,3.377,3.377,3.377,3.377,-0.03%
294,20081031,3.378,3.378,3.378,3.378,-1.43%
295,20081030,3.427,3.427,3.427,3.427,-1.52%
296,20081029,3.48,3.48,3.48,3.48,-0.23%
297,20081028,3.488,3.488,3.488,3.488,0.23%
298,20081027,3.48,3.48,3.48,3.48,-1.97%
299,20081024,3.55,3.55,3.55,3.55,-5.51%
300,20081023,3.757,3.757,3.757,3.757,-0.03%
301,20081022,3.758,3.758,3.758,3.758,-5.05%
302,20081021,3.958,3.958,3.958,3.958,-0.30%
303,20081020,3.97,3.97,3.97,3.97,-1.78%
304,20081017,4.042,4.042,4.042,4.042,-1.61%
305,20081016,4.108,4.108,4.108,4.108,-1.44%
306,20081015,4.168,4.168,4.168,4.168,-0.57%
307,20081014,4.192,4.192,4.192,4.192,2.54%
308,20081013,4.088,4.088,4.088,4.088,0.20%
309,20081010,4.08,4.08,4.08,4.08,-1.76%
310,20081009,4.153,4.153,4.153,4.153,-1.87%
311,20081008,4.232,4.232,4.232,4.232,-3.05%
312,20081007,4.365,4.365,4.365,4.365,-4.00%
313,20081006,4.547,4.547,4.547,4.547,-1.22%
314,20081003,4.603,4.603,4.603,4.603,-1.86%
315,20081002,4.69,4.69,4.69,4.69,-0.36%
316,20081001,4.707,4.707,4.707,4.707,-0.55%
317,20080930,4.733,4.733,4.733,4.733,-2.21%
318,20080929,4.84,4.84,4.84,4.84,-0.58%
319,20080926,4.868,4.868,4.868,4.868,-0.20%
320,20080925,4.878,4.878,4.878,4.878,0.43%
321,20080924,4.857,4.857,4.857,4.857,-1.58%
322,20080923,4.935,4.935,4.935,4.935,-1.73%
323,20080922,5.022,5.022,5.022,5.022,0.10%
324,20080919,5.017,5.017,5.017,5.017,0.99%
325,20080918,4.968,4.968,4.968,4.968,-1.76%
326,20080917,5.057,5.057,5.057,5.057,1.49%
327,20080916,4.983,4.983,4.983,4.983,-0.70%
328,20080915,5.018,5.018,5.018,5.018,-0.87%
329,20080912,5.062,5.062,5.062,5.062,0.40%
330,20080911,5.042,5.042,5.042,5.042,-0.20%
331,20080910,5.052,5.052,5.052,5.052,-0.10%
332,20080909,5.057,5.057,5.057,5.057,0.00%
333,20080908,5.057,5.057,5.057,5.057,0.20%
334,20080905,5.047,5.047,5.047,5.047,-0.10%
335,20080904,5.052,5.052,5.052,5.052,-0.02%
336,20080903,5.053,5.053,5.053,5.053,-0.67%
337,20080902,5.087,5.087,5.087,5.087,-0.20%
338,20080901,5.097,5.097,5.097,5.097,-1.16%
339,20080829,5.157,5.157,5.157,5.157,-0.06%
340,20080828,5.16,5.16,5.16,5.16,0.00%
341,20080827,5.16,5.16,5.16,5.16,-0.04%
342,20080826,5.162,5.162,5.162,5.162,-0.12%
343,20080822,5.168,5.168,5.168,5.168,-0.10%
344,20080821,5.173,5.173,5.173,5.173,0.31%
345,20080820,5.157,5.157,5.157,5.157,0.23%
346,20080819,5.145,5.145,5.145,5.145,-0.16%
347,20080818,5.153,5.153,5.153,5.153,-0.10%
348,20080815,5.158,5.158,5.158,5.158,0.41%
349,20080814,5.137,5.137,5.137,5.137,-0.83%
350,20080813,5.18,5.18,5.18,5.18,-1.37%
351,20080812,5.252,5.252,5.252,5.252,0.32%
352,20080811,5.235,5.235,5.235,5.235,0.10%
353,20080808,5.23,5.23,5.23,5.23,-0.34%
354,20080807,5.248,5.248,5.248,5.248,-0.32%
355,20080806,5.265,5.265,5.265,5.265,-0.23%
356,20080805,5.277,5.277,5.277,5.277,0.00%
357,20080804,5.277,5.277,5.277,5.277,0.27%
358,20080801,5.263,5.263,5.263,5.263,0.15%
359,20080731,5.255,5.255,5.255,5.255,0.34%
360,20080730,5.237,5.237,5.237,5.237,-0.25%
361,20080729,5.25,5.25,5.25,5.25,0.13%
362,20080728,5.243,5.243,5.243,5.243,0.06%
363,20080725,5.24,5.24,5.24,5.24,-0.25%
364,20080724,5.253,5.253,5.253,5.253,-0.70%
365,20080723,5.29,5.29,5.29,5.29,0.70%
366,20080722,5.253,5.253,5.253,5.253,0.06%
367,20080721,5.25,5.25,5.25,5.25,-0.04%
368,20080718,5.252,5.252,5.252,5.252,-0.06%
369,20080717,5.255,5.255,5.255,5.255,0.23%
370,20080716,5.243,5.243,5.243,5.243,-0.17%
371,20080715,5.252,5.252,5.252,5.252,-0.68%
372,20080714,5.288,5.288,5.288,5.288,0.19%
373,20080711,5.278,5.278,5.278,5.278,0.29%
374,20080710,5.263,5.263,5.263,5.263,-0.17%
375,20080709,5.272,5.272,5.272,5.272,0.51%
376,20080708,5.245,5.245,5.245,5.245,-0.04%
377,20080707,5.247,5.247,5.247,5.247,-0.76%
378,20080704,5.287,5.287,5.287,5.287,-0.43%
379,20080703,5.31,5.31,5.31,5.31,-0.69%
380,20080702,5.347,5.347,5.347,5.347,0.00%
381,20080701,5.347,5.347,5.347,5.347,-0.06%
382,20080630,5.35,5.35,5.35,5.35,0.32%
383,20080627,5.333,5.333,5.333,5.333,-0.09%
384,20080626,5.338,5.338,5.338,5.338,-0.93%
385,20080625,5.388,5.388,5.388,5.388,-0.19%
386,20080624,5.398,5.398,5.398,5.398,0.11%
387,20080623,5.392,5.392,5.392,5.392,-0.66%
388,20080620,5.428,5.428,5.428,5.428,0.09%
389,20080619,5.423,5.423,5.423,5.423,2.09%
390,20080618,5.312,5.312,5.312,5.312,-0.09%
391,20080617,5.317,5.317,5.317,5.317,-0.75%
392,20080616,5.357,5.357,5.357,5.357,-0.15%
393,20080613,5.365,5.365,5.365,5.365,1.17%
394,20080612,5.303,5.303,5.303,5.303,0.40%
395,20080611,5.282,5.282,5.282,5.282,-1.42%
396,20080610,5.358,5.358,5.358,5.358,1.15%
397,20080609,5.297,5.297,5.297,5.297,1.44%
398,20080606,5.222,5.222,5.222,5.222,1.85%
399,20080605,5.127,5.127,5.127,5.127,-0.10%
400,20080604,5.132,5.132,5.132,5.132,-0.16%
401,20080603,5.14,5.14,5.14,5.14,-0.14%
402,20080602,5.147,5.147,5.147,5.147,-0.48%
403,20080530,5.172,5.172,5.172,5.172,-0.15%
404,20080529,5.18,5.18,5.18,5.18,0.00%
405,20080528,5.18,5.18,5.18,5.18,0.10%
406,20080527,5.175,5.175,5.175,5.175,-0.06%
407,20080523,5.178,5.178,5.178,5.178,1.41%
408,20080522,5.106,5.106,5.106,5.106,0.39%
409,20080521,5.086,5.086,5.086,5.086,0.28%
410,20080520,5.072,5.072,5.072,5.072,-0.22%
411,20080519,5.083,5.083,5.083,5.083,0.10%
412,20080516,5.078,5.078,5.078,5.078,-0.04%
413,20080515,5.08,5.08,5.08,5.08,1.05%
414,20080514,5.027,5.027,5.027,5.027,0.38%
415,20080513,5.008,5.008,5.008,5.008,2.14%
416,20080512,4.903,4.903,4.903,4.903,1.57%
417,20080509,4.827,4.827,4.827,4.827,0.40%
418,20080508,4.808,4.808,4.808,4.808,-0.04%
419,20080507,4.81,4.81,4.81,4.81,-0.68%
420,20080506,4.843,4.843,4.843,4.843,-0.35%
421,20080502,4.86,4.86,4.86,4.86,0.16%
422,20080501,4.852,4.852,4.852,4.852,-0.06%
423,20080430,4.855,4.855,4.855,4.855,-0.47%
424,20080429,4.878,4.878,4.878,4.878,-0.18%
425,20080428,4.887,4.887,4.887,4.887,-0.12%
426,20080425,4.893,4.893,4.893,4.893,0.02%
427,20080424,4.892,4.892,4.892,4.892,0.14%
428,20080423,4.885,4.885,4.885,4.885,0.47%
429,20080422,4.862,4.862,4.862,4.862,0.77%
430,20080421,4.825,4.825,4.825,4.825,0.42%
431,20080418,4.805,4.805,4.805,4.805,0.52%
432,20080417,4.78,4.78,4.78,4.78,0.21%
433,20080416,4.77,4.77,4.77,4.77,0.00%
434,20080415,4.77,4.77,4.77,4.77,-0.46%
435,20080414,4.792,4.792,4.792,4.792,-0.58%
436,20080411,4.82,4.82,4.82,4.82,0.00%
437,20080410,4.82,4.82,4.82,4.82,-0.66%
438,20080409,4.852,4.852,4.852,4.852,-0.78%
439,20080408,4.89,4.89,4.89,4.89,-0.16%
440,20080407,4.898,4.898,4.898,4.898,-0.51%
441,20080404,4.923,4.923,4.923,4.923,0.00%
442,20080403,4.923,4.923,4.923,4.923,-0.44%
443,20080402,4.945,4.945,4.945,4.945,0.00%
444,20080401,4.945,4.945,4.945,4.945,-0.04%
445,20080331,4.947,4.947,4.947,4.947,-1.61%
446,20080328,5.028,5.028,5.028,5.028,-0.48%
447,20080327,5.052,5.052,5.052,5.052,0.44%
448,20080326,5.03,5.03,5.03,5.03,1.27%
449,20080325,4.967,4.967,4.967,4.967,1.10%
450,20080320,4.913,4.913,4.913,4.913,-0.45%
451,20080319,4.935,4.935,4.935,4.935,0.41%
452,20080318,4.915,4.915,4.915,4.915,-2.81%
453,20080317,5.057,5.057,5.057,5.057,0.38%
454,20080314,5.038,5.038,5.038,5.038,-0.18%
455,20080313,5.047,5.047,5.047,5.047,0.74%
456,20080312,5.01,5.01,5.01,5.01,0.10%
457,20080311,5.005,5.005,5.005,5.005,-0.10%
458,20080310,5.01,5.01,5.01,5.01,-0.46%
459,20080307,5.033,5.033,5.033,5.033,-0.14%
460,20080306,5.04,5.04,5.04,5.04,0.34%
461,20080305,5.023,5.023,5.023,5.023,0.42%
462,20080304,5.002,5.002,5.002,5.002,-0.52%
463,20080303,5.028,5.028,5.028,5.028,-0.44%
464,20080229,5.05,5.05,5.05,5.05,-0.24%
465,20080228,5.062,5.062,5.062,5.062,-0.12%
466,20080227,5.068,5.068,5.068,5.068,0.02%
467,20080226,5.067,5.067,5.067,5.067,0.04%
468,20080225,5.065,5.065,5.065,5.065,-0.10%
469,20080222,5.07,5.07,5.07,5.07,0.84%
470,20080221,5.028,5.028,5.028,5.028,0.00%
471,20080220,5.028,5.028,5.028,5.028,0.12%
472,20080219,5.022,5.022,5.022,5.022,-0.55%
473,20080218,5.05,5.05,5.05,5.05,-0.10%
474,20080215,5.055,5.055,5.055,5.055,-0.14%
475,20080214,5.062,5.062,5.062,5.062,0.78%
476,20080213,5.023,5.023,5.023,5.023,0.26%
477,20080212,5.01,5.01,5.01,5.01,1.05%
478,20080211,4.958,4.958,4.958,4.958,0.06%
479,20080208,4.955,4.955,4.955,4.955,-0.40%
480,20080207,4.975,4.975,4.975,4.975,-0.76%
481,20080206,5.013,5.013,5.013,5.013,0.22%
482,20080205,5.002,5.002,5.002,5.002,-0.06%
483,20080204,5.005,5.005,5.005,5.005,-0.10%
484,20080201,5.01,5.01,5.01,5.01,-0.93%
485,20080131,5.057,5.057,5.057,5.057,-0.16%
486,20080130,5.065,5.065,5.065,5.065,0.30%
487,20080129,5.05,5.05,5.05,5.05,-0.43%
488,20080128,5.072,5.072,5.072,5.072,1.48%
489,20080125,4.998,4.998,4.998,4.998,1.38%
490,20080124,4.93,4.93,4.93,4.93,0.57%
491,20080123,4.902,4.902,4.902,4.902,-2.41%
492,20080122,5.023,5.023,5.023,5.023,-1.66%
493,20080121,5.108,5.108,5.108,5.108,0.49%
494,20080118,5.083,5.083,5.083,5.083,0.85%
495,20080117,5.04,5.04,5.04,5.04,-0.59%
496,20080116,5.07,5.07,5.07,5.07,-0.14%
497,20080115,5.077,5.077,5.077,5.077,-2.03%
498,20080114,5.182,5.182,5.182,5.182,1.65%
499,20080111,5.098,5.098,5.098,5.098,-0.47%
500,20080110,5.122,5.122,5.122,5.122,-0.87%
501,20080109,5.167,5.167,5.167,5.167,-0.50%
502,20080108,5.193,5.193,5.193,5.193,-0.84%
503,20080107,5.237,5.237,5.237,5.237,0.48%
504,20080104,5.212,5.212,5.212,5.212,-1.34%
505,20080103,5.283,5.283,5.283,5.283,-0.45%
506,20080102,5.307,5.307,5.307,5.307,-0.02%
507,20071231,5.308,5.308,5.308,5.308,-0.32%
508,20071228,5.325,5.325,5.325,5.325,-0.13%
509,20071227,5.332,5.332,5.332,5.332,-0.02%
510,20071224,5.333,5.333,5.333,5.333,-0.22%
511,20071221,5.345,5.345,5.345,5.345,0.06%
512,20071220,5.342,5.342,5.342,5.342,-1.20%
513,20071219,5.407,5.407,5.407,5.407,-0.28%
514,20071218,5.422,5.422,5.422,5.422,0.04%
515,20071217,5.42,5.42,5.42,5.42,-0.33%
516,20071214,5.438,5.438,5.438,5.438,-0.09%
517,20071213,5.443,5.443,5.443,5.443,-0.09%
518,20071212,5.448,5.448,5.448,5.448,0.24%
519,20071211,5.435,5.435,5.435,5.435,0.04%
520,20071210,5.433,5.433,5.433,5.433,0.33%
521,20071207,5.415,5.415,5.415,5.415,-0.37%
522,20071206,5.435,5.435,5.435,5.435,-1.59%
523,20071205,5.523,5.523,5.523,5.523,0.24%
524,20071204,5.51,5.51,5.51,5.51,-0.33%
525,20071203,5.528,5.528,5.528,5.528,-0.18%
526,20071130,5.538,5.538,5.538,5.538,-0.04%
527,20071129,5.54,5.54,5.54,5.54,0.76%
528,20071128,5.498,5.498,5.498,5.498,0.11%
529,20071127,5.492,5.492,5.492,5.492,0.09%
530,20071126,5.487,5.487,5.487,5.487,-0.15%
531,20071123,5.495,5.495,5.495,5.495,-0.49%
532,20071122,5.522,5.522,5.522,5.522,0.04%
533,20071121,5.52,5.52,5.52,5.52,-0.40%
534,20071120,5.542,5.542,5.542,5.542,0.16%
535,20071119,5.533,5.533,5.533,5.533,-0.13%
536,20071116,5.54,5.54,5.54,5.54,-0.84%
537,20071115,5.587,5.587,5.587,5.587,-0.20%
538,20071114,5.598,5.598,5.598,5.598,0.38%
539,20071113,5.577,5.577,5.577,5.577,0.09%
540,20071112,5.572,5.572,5.572,5.572,-0.05%
541,20071109,5.575,5.575,5.575,5.575,-0.36%
542,20071108,5.595,5.595,5.595,5.595,-0.57%
543,20071107,5.627,5.627,5.627,5.627,-0.09%
544,20071106,5.632,5.632,5.632,5.632,-0.79%
545,20071105,5.677,5.677,5.677,5.677,-0.32%
546,20071102,5.695,5.695,5.695,5.695,0.48%
547,20071101,5.668,5.668,5.668,5.668,0.19%
548,20071031,5.657,5.657,5.657,5.657,0.48%
549,20071030,5.63,5.63,5.63,5.63,0.21%
550,20071029,5.618,5.618,5.618,5.618,-0.30%
551,20071026,5.635,5.635,5.635,5.635,0.04%
552,20071025,5.633,5.633,5.633,5.633,-0.25%
553,20071024,5.647,5.647,5.647,5.647,0.12%
554,20071023,5.64,5.64,5.64,5.64,-0.79%
555,20071022,5.685,5.685,5.685,5.685,-0.32%
556,20071019,5.703,5.703,5.703,5.703,-0.33%
557,20071018,5.722,5.722,5.722,5.722,-0.63%
558,20071017,5.758,5.758,5.758,5.758,-0.21%
559,20071016,5.77,5.77,5.77,5.77,0.49%
560,20071015,5.742,5.742,5.742,5.742,-0.09%
561,20071012,5.747,5.747,5.747,5.747,-0.09%
562,20071011,5.752,5.752,5.752,5.752,0.79%
563,20071010,5.707,5.707,5.707,5.707,0.26%
564,20071009,5.692,5.692,5.692,5.692,0.33%
565,20071008,5.673,5.673,5.673,5.673,0.67%
566,20071005,5.635,5.635,5.635,5.635,0.30%
567,20071004,5.618,5.618,5.618,5.618,-0.34%
568,20071003,5.637,5.637,5.637,5.637,0.07%
569,20071002,5.633,5.633,5.633,5.633,-1.04%
570,20071001,5.692,5.692,5.692,5.692,-0.49%
571,20070928,5.72,5.72,5.72,5.72,0.35%
572,20070927,5.7,5.7,5.7,5.7,-0.30%
573,20070926,5.717,5.717,5.717,5.717,-0.10%
574,20070925,5.723,5.723,5.723,5.723,0.28%
575,20070924,5.707,5.707,5.707,5.707,-0.02%
576,20070921,5.708,5.708,5.708,5.708,-0.35%
577,20070920,5.728,5.728,5.728,5.728,-0.56%
578,20070919,5.76,5.76,5.76,5.76,-0.14%
579,20070918,5.768,5.768,5.768,5.768,-0.26%
580,20070917,5.783,5.783,5.783,5.783,0.35%
581,20070914,5.763,5.763,5.763,5.763,-0.12%
582,20070913,5.77,5.77,5.77,5.77,-0.55%
583,20070912,5.802,5.802,5.802,5.802,-0.09%
584,20070911,5.807,5.807,5.807,5.807,-0.79%
585,20070910,5.853,5.853,5.853,5.853,-0.76%
586,20070907,5.898,5.898,5.898,5.898,-1.01%
587,20070906,5.958,5.958,5.958,5.958,-0.23%
588,20070905,5.972,5.972,5.972,5.972,0.03%
589,20070904,5.97,5.97,5.97,5.97,0.56%
590,20070903,5.937,5.937,5.937,5.937,0.29%
591,20070831,5.92,5.92,5.92,5.92,0.25%
592,20070830,5.905,5.905,5.905,5.905,0.05%
593,20070829,5.902,5.902,5.902,5.902,0.20%
594,20070828,5.89,5.89,5.89,5.89,-0.37%
595,20070824,5.912,5.912,5.912,5.912,0.66%
596,20070823,5.873,5.873,5.873,5.873,-0.42%
597,20070822,5.898,5.898,5.898,5.898,-0.08%
598,20070821,5.903,5.903,5.903,5.903,0.00%
599,20070820,5.903,5.903,5.903,5.903,-0.07%
600,20070817,5.907,5.907,5.907,5.907,-0.97%
601,20070816,5.965,5.965,5.965,5.965,-0.20%
602,20070815,5.977,5.977,5.977,5.977,-0.60%
603,20070814,6.013,6.013,6.013,6.013,-0.07%
604,20070813,6.017,6.017,6.017,6.017,-0.46%
605,20070810,6.045,6.045,6.045,6.045,0.70%
606,20070809,6.003,6.003,6.003,6.003,0.25%
607,20070808,5.988,5.988,5.988,5.988,0.13%
608,20070807,5.98,5.98,5.98,5.98,-0.28%
609,20070806,5.997,5.997,5.997,5.997,-0.02%
610,20070803,5.998,5.998,5.998,5.998,0.38%
611,20070802,5.975,5.975,5.975,5.975,-0.30%
612,20070801,5.993,5.993,5.993,5.993,0.08%
613,20070731,5.988,5.988,5.988,5.988,-0.07%
614,20070730,5.992,5.992,5.992,5.992,-0.35%
615,20070727,6.013,6.013,6.013,6.013,-0.15%
616,20070726,6.022,6.022,6.022,6.022,-0.10%
617,20070725,6.028,6.028,6.028,6.028,0.10%
618,20070724,6.022,6.022,6.022,6.022,-0.05%
619,20070723,6.025,6.025,6.025,6.025,0.03%
620,20070720,6.023,6.023,6.023,6.023,-0.41%
621,20070719,6.048,6.048,6.048,6.048,-0.03%
622,20070718,6.05,6.05,6.05,6.05,0.70%
623,20070717,6.008,6.008,6.008,6.008,0.13%
624,20070716,6.0,6.0,6.0,6.0,0.05%
625,20070713,5.997,5.997,5.997,5.997,0.08%
626,20070712,5.992,5.992,5.992,5.992,-0.13%
627,20070711,6.0,6.0,6.0,6.0,-0.13%
628,20070710,6.008,6.008,6.008,6.008,0.02%
629,20070709,6.007,6.007,6.007,6.007,0.12%
630,20070706,6.0,6.0,6.0,6.0,0.17%
631,20070705,5.99,5.99,5.99,5.99,0.34%
632,20070704,5.97,5.97,5.97,5.97,-0.13%
633,20070703,5.978,5.978,5.978,5.978,0.10%
634,20070702,5.972,5.972,5.972,5.972,0.42%
635,20070629,5.947,5.947,5.947,5.947,0.07%
636,20070628,5.943,5.943,5.943,5.943,0.00%
637,20070627,5.943,5.943,5.943,5.943,-0.17%
638,20070626,5.953,5.953,5.953,5.953,-0.03%
639,20070625,5.955,5.955,5.955,5.955,0.20%
640,20070622,5.943,5.943,5.943,5.943,0.56%
641,20070621,5.91,5.91,5.91,5.91,0.90%
642,20070620,5.857,5.857,5.857,5.857,0.07%
643,20070619,5.853,5.853,5.853,5.853,-0.03%
644,20070618,5.855,5.855,5.855,5.855,0.12%
645,20070615,5.848,5.848,5.848,5.848,-0.32%
646,20070614,5.867,5.867,5.867,5.867,0.29%
647,20070613,5.85,5.85,5.85,5.85,0.26%
648,20070612,5.835,5.835,5.835,5.835,0.05%
649,20070611,5.832,5.832,5.832,5.832,-0.27%
650,20070608,5.848,5.848,5.848,5.848,0.31%
651,20070607,5.83,5.83,5.83,5.83,-0.03%
652,20070606,5.832,5.832,5.832,5.832,-0.09%
653,20070605,5.837,5.837,5.837,5.837,0.43%
654,20070604,5.812,5.812,5.812,5.812,0.21%
655,20070601,5.8,5.8,5.8,5.8,-0.09%
656,20070531,5.805,5.805,5.805,5.805,0.09%
657,20070530,5.8,5.8,5.8,5.8,0.00%
658,20070529,5.8,5.8,5.8,5.8,-0.03%
659,20070525,5.802,5.802,5.802,5.802,0.24%
660,20070524,5.788,5.788,5.788,5.788,0.63%
661,20070523,5.752,5.752,5.752,5.752,0.17%
662,20070522,5.742,5.742,5.742,5.742,0.35%
663,20070521,5.722,5.722,5.722,5.722,-0.14%
664,20070518,5.73,5.73,5.73,5.73,0.35%
665,20070517,5.71,5.71,5.71,5.71,-0.09%
666,20070516,5.715,5.715,5.715,5.715,-0.05%
667,20070515,5.718,5.718,5.718,5.718,0.32%
668,20070514,5.7,5.7,5.7,5.7,-0.30%
669,20070511,5.717,5.717,5.717,5.717,-0.35%
670,20070510,5.737,5.737,5.737,5.737,0.07%
671,20070509,5.733,5.733,5.733,5.733,0.31%
672,20070508,5.715,5.715,5.715,5.715,0.21%
673,20070504,5.703,5.703,5.703,5.703,0.05%
674,20070503,5.7,5.7,5.7,5.7,0.32%
675,20070502,5.682,5.682,5.682,5.682,-0.02%
676,20070501,5.683,5.683,5.683,5.683,0.11%
677,20070430,5.677,5.677,5.677,5.677,-0.02%
678,20070427,5.678,5.678,5.678,5.678,0.11%
679,20070426,5.672,5.672,5.672,5.672,0.25%
680,20070425,5.658,5.658,5.658,5.658,0.09%
681,20070424,5.653,5.653,5.653,5.653,-0.07%
682,20070423,5.657,5.657,5.657,5.657,0.12%
683,20070420,5.65,5.65,5.65,5.65,-0.12%
684,20070419,5.657,5.657,5.657,5.657,0.00%
685,20070418,5.657,5.657,5.657,5.657,1.38%
686,20070417,5.58,5.58,5.58,5.58,0.18%
687,20070416,5.57,5.57,5.57,5.57,0.13%
688,20070413,5.563,5.563,5.563,5.563,0.20%
689,20070412,5.552,5.552,5.552,5.552,0.04%
690,20070411,5.55,5.55,5.55,5.55,-0.95%
691,20070410,5.603,5.603,5.603,5.603,0.00%
692,20070405,5.603,5.603,5.603,5.603,-0.04%
693,20070404,5.605,5.605,5.605,5.605,0.05%
694,20070403,5.602,5.602,5.602,5.602,0.39%
695,20070402,5.58,5.58,5.58,5.58,0.36%
696,20070330,5.56,5.56,5.56,5.56,0.00%
697,20070329,5.56,5.56,5.56,5.56,-0.05%
698,20070328,5.563,5.563,5.563,5.563,0.00%
699,20070327,5.563,5.563,5.563,5.563,0.14%
700,20070326,5.555,5.555,5.555,5.555,-0.04%
701,20070323,5.557,5.557,5.557,5.557,0.40%
702,20070322,5.535,5.535,5.535,5.535,-0.04%
703,20070321,5.537,5.537,5.537,5.537,0.73%
704,20070320,5.497,5.497,5.497,5.497,0.37%
705,20070319,5.477,5.477,5.477,5.477,0.04%
706,20070316,5.475,5.475,5.475,5.475,0.22%
707,20070315,5.463,5.463,5.463,5.463,-0.40%
708,20070314,5.485,5.485,5.485,5.485,-0.15%
709,20070313,5.493,5.493,5.493,5.493,0.15%
710,20070312,5.485,5.485,5.485,5.485,-0.27%
711,20070309,5.5,5.5,5.5,5.5,0.04%
712,20070308,5.498,5.498,5.498,5.498,0.02%
713,20070307,5.497,5.497,5.497,5.497,0.77%
714,20070306,5.455,5.455,5.455,5.455,-0.76%
715,20070305,5.497,5.497,5.497,5.497,-0.20%
716,20070302,5.508,5.508,5.508,5.508,0.51%
717,20070301,5.48,5.48,5.48,5.48,-0.42%
718,20070228,5.503,5.503,5.503,5.503,0.00%
719,20070227,5.503,5.503,5.503,5.503,-0.25%
720,20070226,5.517,5.517,5.517,5.517,0.09%
721,20070223,5.512,5.512,5.512,5.512,0.13%
722,20070222,5.505,5.505,5.505,5.505,-0.42%
723,20070221,5.528,5.528,5.528,5.528,0.33%
724,20070220,5.51,5.51,5.51,5.51,0.31%
725,20070219,5.493,5.493,5.493,5.493,0.02%
726,20070216,5.492,5.492,5.492,5.492,-0.45%
727,20070215,5.517,5.517,5.517,5.517,-0.02%
728,20070214,5.518,5.518,5.518,5.518,-0.99%
729,20070213,5.573,5.573,5.573,5.573,0.20%
730,20070212,5.562,5.562,5.562,5.562,-1.08%
731,20070209,5.623,5.623,5.623,5.623,-0.16%
732,20070208,5.632,5.632,5.632,5.632,0.00%
733,20070207,5.632,5.632,5.632,5.632,0.36%
734,20070206,5.612,5.612,5.612,5.612,-0.02%
735,20070205,5.613,5.613,5.613,5.613,0.54%
736,20070202,5.583,5.583,5.583,5.583,0.29%
737,20070201,5.567,5.567,5.567,5.567,0.09%
738,20070131,5.562,5.562,5.562,5.562,-0.54%
739,20070130,5.592,5.592,5.592,5.592,0.00%
740,20070129,5.592,5.592,5.592,5.592,0.34%
741,20070126,5.573,5.573,5.573,5.573,0.14%
742,20070125,5.565,5.565,5.565,5.565,-0.54%
743,20070124,5.595,5.595,5.595,5.595,0.00%
744,20070119,5.595,5.595,5.595,5.595,22.32%
745,20060724,4.574,4.574,4.574,4.574,0.00%
746,20060721,4.574,4.574,4.574,4.574,3.02%
747,20051031,4.44,4.44,4.44,4.44,0.14%
748,20051028,4.434,4.434,4.434,4.434,-0.07%
749,20051027,4.437,4.437,4.437,4.437,-0.02%
750,20051026,4.438,4.438,4.438,4.438,0.23%
751,20051025,4.428,4.428,4.428,4.428,0.00%
752,20051024,4.428,4.428,4.428,4.428,0.05%
753,20051021,4.426,4.426,4.426,4.426,0.05%
754,20051020,4.424,4.424,4.424,4.424,0.25%
755,20051019,4.413,4.413,4.413,4.413,0.05%
756,20051018,4.411,4.411,4.411,4.411,-0.05%
757,20051017,4.413,4.413,4.413,4.413,-0.43%
758,20051004,4.432,4.432,4.432,4.432,-0.05%
759,20051003,4.434,4.434,4.434,4.434,-0.23%
760,20050930,4.444,4.444,4.444,4.444,-0.09%
761,20050929,4.448,4.448,4.448,4.448,-0.11%
762,20050928,4.453,4.453,4.453,4.453,0.09%
763,20050927,4.449,4.449,4.449,4.449,0.09%
764,20050926,4.445,4.445,4.445,4.445,-10.17%
765,20050512,4.948,4.948,4.948,4.948,0.00%
766,20050427,4.948,4.948,4.948,4.948,-0.72%
767,20050412,4.984,4.984,4.984,4.984,-0.66%
768,20050407,5.017,5.017,5.017,5.017,-0.28%
769,20050405,5.031,5.031,5.031,5.031,-0.08%
770,20050331,5.035,5.035,5.035,5.035,-1.49%
771,20050329,5.111,5.111,5.111,5.111,0.53%
772,20050310,5.084,5.084,5.084,5.084,0.18%
773,20050303,5.075,5.075,5.075,5.075,0.00%
774,20050301,5.075,5.075,5.075,5.075,2.01%
775,20050225,4.975,4.975,4.975,4.975,0.20%
776,20050224,4.965,4.965,4.965,4.965,0.53%
777,20050223,4.939,4.939,4.939,4.939,0.16%
778,20050215,4.931,4.931,4.931,4.931,0.39%
779,20050211,4.912,4.912,4.912,4.912,0.41%
780,20050208,4.892,4.892,4.892,4.892,0.12%
781,20050207,4.886,4.886,4.886,4.886,0.31%
782,20050128,4.871,4.871,4.871,4.871,0.60%
783,20050118,4.842,4.842,4.842,4.842,-0.86%
784,20050114,4.884,4.884,4.884,4.884,-0.27%
785,20050113,4.897,4.897,4.897,4.897,0.00%
786,20050110,4.897,4.897,4.897,4.897,0.00%
787,20050106,4.897,4.897,4.897,4.897,-0.26%
788,20041222,4.91,4.91,4.91,4.91,0.61%
789,20041217,4.88,4.88,4.88,4.88,0.51%
790,20041216,4.855,4.855,4.855,4.855,-0.86%
791,20041129,4.897,4.897,4.897,4.897,-0.39%
792,20041124,4.916,4.916,4.916,4.916,-0.67%
793,20041111,4.949,4.949,4.949,4.949,0.00%
794,20041109,4.949,4.949,4.949,4.949,0.77%
795,20041108,4.911,4.911,4.911,4.911,-0.47%
796,20041021,4.934,4.934,4.934,4.934,-0.28%
797,20041018,4.948,4.948,4.948,4.948,0.00%
798,20041013,4.948,4.948,4.948,4.948,-0.22%
799,20041007,4.959,4.959,4.959,4.959,-1.06%
800,20040930,5.012,5.012,5.012,5.012,-0.63%
801,20040929,5.044,5.044,5.044,5.044,2.52%
802,20040809,4.92,4.92,4.92,4.92,-0.61%
803,20040806,4.95,4.95,4.95,4.95,-0.60%
804,20040802,4.98,4.98,4.98,4.98,0.40%
805,20040728,4.96,4.96,4.96,4.96,0.20%
806,20040726,4.95,4.95,4.95,4.95,0.61%
807,20040723,4.92,4.92,4.92,4.92,0.82%
808,20040722,4.88,4.88,4.88,4.88,1.04%
809,20040719,4.83,4.83,4.83,4.83,-0.21%
810,20040705,4.84,4.84,4.84,4.84,-0.41%
811,20040628,4.86,4.86,4.86,4.86,-0.82%
812,20040618,4.9,4.9,4.9,4.9,0.41%
813,20040611,4.88,4.88,4.88,4.88,0.62%
814,20040610,4.85,4.85,4.85,4.85,0.41%
815,20040609,4.83,4.83,4.83,4.83,0.62%
816,20040608,4.8,4.8,4.8,4.8,1.05%
817,20040603,4.75,4.75,4.75,4.75,0.21%
818,20040601,4.74,4.74,4.74,4.74,0.42%
819,20040524,4.72,4.72,4.72,4.72,1.94%
820,20040519,4.63,4.63,4.63,4.63,2.21%
821,20040517,4.53,4.53,4.53,4.53,-0.44%
822,20040514,4.55,4.55,4.55,4.55,1.11%
823,20040511,4.5,4.5,4.5,4.5,0.22%
824,20040507,4.49,4.49,4.49,4.49,0.22%
825,20040429,4.48,4.48,4.48,4.48,1.13%
826,20040426,4.43,4.43,4.43,4.43,0.23%
827,20040414,4.42,4.42,4.42,4.42,-0.23%
828,20040407,4.43,4.43,4.43,4.43,0.23%
829,20040405,4.42,4.42,4.42,4.42,1.84%
830,20040329,4.34,4.34,4.34,4.34,0.23%
831,20040325,4.33,4.33,4.33,4.33,0.46%
832,20040324,4.31,4.31,4.31,4.31,0.47%
833,20040323,4.29,4.29,4.29,4.29,0.23%
834,20040319,4.28,4.28,4.28,4.28,0.23%
835,20040310,4.27,4.27,4.27,4.27,0.23%
836,20040303,4.26,4.26,4.26,4.26,1.19%
837,20040301,4.21,4.21,4.21,4.21,-0.24%
838,20040223,4.22,4.22,4.22,4.22,1.93%
839,20040216,4.14,4.14,4.14,4.14,0.24%
840,20040213,4.13,4.13,4.13,4.13,-0.48%
841,20040206,4.15,4.15,4.15,4.15,0.24%
842,20040204,4.14,4.14,4.14,4.14,0.24%
843,20040202,4.13,4.13,4.13,4.13,0.24%
844,20040129,4.12,4.12,4.12,4.12,0.98%
845,20040126,4.08,4.08,4.08,4.08,2.00%
846,20040119,4.0,4.0,4.0,4.0,0.50%
847,20040114,3.98,3.98,3.98,3.98,0.25%
848,20040112,3.97,3.97,3.97,3.97,-1.73%
849,20040105,4.04,4.04,4.04,4.04,-1.34%
850,20040102,4.095,4.095,4.095,4.095,0.00%
851,20031231,4.095,4.095,4.095,4.095,-0.02%
852,20031230,4.096,4.096,4.096,4.096,2.14%
853,20031229,4.01,4.01,4.01,4.01,-1.93%
854,20031224,4.089,4.089,4.089,4.089,-0.05%
855,20031223,4.091,4.091,4.091,4.091,0.00%
856,20031222,4.091,4.091,4.091,4.091,0.02%
857,20031219,4.09,4.09,4.09,4.09,2.25%
858,20031218,4.0,4.0,4.0,4.0,-2.82%
859,20031217,4.116,4.116,4.116,4.116,1.13%
860,20031216,4.07,4.07,4.07,4.07,-1.48%
861,20031215,4.131,4.131,4.131,4.131,0.02%
862,20031212,4.13,4.13,4.13,4.13,-0.02%
863,20031211,4.131,4.131,4.131,4.131,0.00%
864,20031210,4.131,4.131,4.131,4.131,0.00%
865,20031209,4.131,4.131,4.131,4.131,0.00%
866,20031208,4.131,4.131,4.131,4.131,2.00%
867,20031205,4.05,4.05,4.05,4.05,-1.84%
868,20031204,4.126,4.126,4.126,4.126,0.00%
869,20031203,4.126,4.126,4.126,4.126,0.00%
870,20031202,4.126,4.126,4.126,4.126,0.63%
871,20031201,4.1,4.1,4.1,4.1,0.89%
872,20031128,4.064,4.064,4.064,4.064,-0.02%
873,20031127,4.065,4.065,4.065,4.065,0.00%
874,20031126,4.065,4.065,4.065,4.065,0.00%
875,20031125,4.065,4.065,4.065,4.065,1.37%
876,20031124,4.01,4.01,4.01,4.01,-1.45%
877,20031121,4.069,4.069,4.069,4.069,-0.02%
878,20031120,4.07,4.07,4.07,4.07,0.00%
879,20031119,4.07,4.07,4.07,4.07,0.00%
880,20031118,4.07,4.07,4.07,4.07,0.00%
881,20031117,4.07,4.07,4.07,4.07,0.02%
882,20031114,4.069,4.069,4.069,4.069,-0.02%
883,20031113,4.07,4.07,4.07,4.07,0.00%
884,20031112,4.07,4.07,4.07,4.07,0.00%
885,20031111,4.07,4.07,4.07,4.07,0.00%
886,20031110,4.07,4.07,4.07,4.07,0.02%
887,20031107,4.069,4.069,4.069,4.069,-0.02%
888,20031106,4.07,4.07,4.07,4.07,0.00%
889,20031105,4.07,4.07,4.07,4.07,0.00%
890,20031104,4.07,4.07,4.07,4.07,0.25%
891,20031103,4.06,4.06,4.06,4.06,2.45%
892,20031031,3.963,3.963,3.963,3.963,-0.03%
893,20031030,3.964,3.964,3.964,3.964,2.43%
894,20031029,3.87,3.87,3.87,3.87,-1.10%
895,20031028,3.913,3.913,3.913,3.913,0.00%
896,20031027,3.913,3.913,3.913,3.913,1.11%
897,20031024,3.87,3.87,3.87,3.87,-0.46%
898,20031023,3.888,3.888,3.888,3.888,0.00%
899,20031022,3.888,3.888,3.888,3.888,1.20%
900,20031021,3.842,3.842,3.842,3.842,1.91%
901,20031020,3.77,3.77,3.77,3.77,-0.82%
902,20031017,3.801,3.801,3.801,3.801,-0.03%
903,20031016,3.802,3.802,3.802,3.802,0.85%
904,20031015,3.77,3.77,3.77,3.77,-0.58%
905,20031014,3.792,3.792,3.792,3.792,0.00%
906,20031013,3.792,3.792,3.792,3.792,0.03%
907,20031010,3.791,3.791,3.791,3.791,-0.03%
908,20031009,3.792,3.792,3.792,3.792,0.96%
909,20031008,3.756,3.756,3.756,3.756,0.40%
910,20031007,3.741,3.741,3.741,3.741,0.00%
911,20031006,3.741,3.741,3.741,3.741,0.97%
912,20031003,3.705,3.705,3.705,3.705,0.00%
913,20031002,3.705,3.705,3.705,3.705,0.00%
914,20031001,3.705,3.705,3.705,3.705,0.00%
915,20030930,3.705,3.705,3.705,3.705,0.00%
916,20030929,3.705,3.705,3.705,3.705,0.00%
917,20030926,3.705,3.705,3.705,3.705,1.51%
918,20030925,3.65,3.65,3.65,3.65,-1.62%
919,20030924,3.71,3.71,3.71,3.71,-0.03%
920,20030923,3.711,3.711,3.711,3.711,1.39%
921,20030922,3.66,3.66,3.66,3.66,0.00%
922,20030919,3.66,3.66,3.66,3.66,-0.54%
923,20030918,3.68,3.68,3.68,3.68,0.00%
924,20030917,3.68,3.68,3.68,3.68,1.38%
925,20030916,3.63,3.63,3.63,3.63,2.60%
926,20030915,3.538,3.538,3.538,3.538,-0.98%
927,20030912,3.573,3.573,3.573,3.573,-0.03%
928,20030911,3.574,3.574,3.574,3.574,0.00%
929,20030910,3.574,3.574,3.574,3.574,0.00%
930,20030909,3.574,3.574,3.574,3.574,0.00%
931,20030908,3.574,3.574,3.574,3.574,0.45%
932,20030905,3.558,3.558,3.558,3.558,0.00%
933,20030904,3.558,3.558,3.558,3.558,0.00%
934,20030903,3.558,3.558,3.558,3.558,0.00%
935,20030902,3.558,3.558,3.558,3.558,0.42%
936,20030901,3.543,3.543,3.543,3.543,0.60%
937,20030829,3.522,3.522,3.522,3.522,0.63%
938,20030828,3.5,3.5,3.5,3.5,-0.51%
939,20030827,3.518,3.518,3.518,3.518,0.57%
940,20030826,3.498,3.498,3.498,3.498,0.52%
941,20030822,3.48,3.48,3.48,3.48,1.16%
942,20030821,3.44,3.44,3.44,3.44,-0.78%
943,20030820,3.467,3.467,3.467,3.467,0.00%
944,20030819,3.467,3.467,3.467,3.467,0.00%
945,20030818,3.467,3.467,3.467,3.467,0.03%
946,20030815,3.466,3.466,3.466,3.466,-0.03%
947,20030814,3.467,3.467,3.467,3.467,0.00%
948,20030813,3.467,3.467,3.467,3.467,0.00%
949,20030812,3.467,3.467,3.467,3.467,0.00%
950,20030811,3.467,3.467,3.467,3.467,0.03%
951,20030808,3.466,3.466,3.466,3.466,-0.03%
952,20030807,3.467,3.467,3.467,3.467,0.00%
953,20030806,3.467,3.467,3.467,3.467,0.00%
954,20030805,3.467,3.467,3.467,3.467,1.37%
955,20030804,3.42,3.42,3.42,3.42,1.79%
956,20030730,3.36,3.36,3.36,3.36,0.30%
957,20030729,3.35,3.35,3.35,3.35,0.30%
958,20030728,3.34,3.34,3.34,3.34,0.30%
959,20030724,3.33,3.33,3.33,3.33,1.22%
960,20030722,3.29,3.29,3.29,3.29,0.30%
961,20030721,3.28,3.28,3.28,3.28,-1.50%
962,20030718,3.33,3.33,3.33,3.33,2.15%
963,20030717,3.26,3.26,3.26,3.26,-2.69%
964,20030716,3.35,3.35,3.35,3.35,-2.90%
965,20030704,3.45,3.45,3.45,3.45,0.00%
966,20030630,3.45,3.45,3.45,3.45,-0.78%
967,20030627,3.477,3.477,3.477,3.477,0.78%
968,20030626,3.45,3.45,3.45,3.45,-0.78%
969,20030625,3.477,3.477,3.477,3.477,0.00%
970,20030624,3.477,3.477,3.477,3.477,0.00%
971,20030623,3.477,3.477,3.477,3.477,0.00%
972,20030620,3.477,3.477,3.477,3.477,0.00%
973,20030619,3.477,3.477,3.477,3.477,0.00%
974,20030618,3.477,3.477,3.477,3.477,0.00%
975,20030617,3.477,3.477,3.477,3.477,1.08%
976,20030616,3.44,3.44,3.44,3.44,-0.75%
977,20030613,3.466,3.466,3.466,3.466,-0.03%
978,20030612,3.467,3.467,3.467,3.467,0.00%
979,20030611,3.467,3.467,3.467,3.467,0.00%
980,20030610,3.467,3.467,3.467,3.467,0.00%
981,20030609,3.467,3.467,3.467,3.467,0.03%
982,20030606,3.466,3.466,3.466,3.466,1.14%
983,20030605,3.427,3.427,3.427,3.427,0.00%
984,20030604,3.427,3.427,3.427,3.427,0.00%
985,20030603,3.427,3.427,3.427,3.427,0.20%
986,20030602,3.42,3.42,3.42,3.42,-0.18%
987,20030530,3.426,3.426,3.426,3.426,-0.03%
988,20030529,3.427,3.427,3.427,3.427,-0.58%
989,20030528,3.447,3.447,3.447,3.447,-0.95%
990,20030509,3.48,3.48,3.48,3.48,1.46%
991,20030508,3.43,3.43,3.43,3.43,0.88%
992,20030501,3.4,3.4,3.4,3.4,-1.45%
993,20030430,3.45,3.45,3.45,3.45,0.58%
994,20030429,3.43,3.43,3.43,3.43,-0.58%
995,20030428,3.45,3.45,3.45,3.45,-0.86%
996,20030422,3.48,3.48,3.48,3.48,0.29%
997,20030411,3.47,3.47,3.47,3.47,0.29%
998,20030402,3.46,3.46,3.46,3.46,0.29%
999,20030328,3.45,3.45,3.45,3.45,-1.15%
1000,20030324,3.49,3.49,3.49,3.49,0.29%
1001,20030321,3.48,3.48,3.48,3.48,-0.57%
1002,20030317,3.5,3.5,3.5,3.5,0.86%
1003,20030310,3.47,3.47,3.47,3.47,-0.86%
1004,20030307,3.5,3.5,3.5,3.5,-0.57%
1005,20030306,3.52,3.52,3.52,3.52,-0.85%
1006,20030304,3.55,3.55,3.55,3.55,0.85%
1007,20030226,3.52,3.52,3.52,3.52,0.28%
1008,20030225,3.51,3.51,3.51,3.51,-2.23%
1009,20030220,3.59,3.59,3.59,3.59,1.41%
1010,20030219,3.54,3.54,3.54,3.54,-1.67%
1011,20030212,3.6,3.6,3.6,3.6,-0.83%
1012,20030211,3.63,3.63,3.63,3.63,0.83%
1013,20030206,3.6,3.6,3.6,3.6,-5.01%
1014,20030205,3.79,3.79,3.79,3.79,-0.52%
1015,20030130,3.81,3.81,3.81,3.81,0.26%
1016,20030128,3.8,3.8,3.8,3.8,-1.55%
1017,20030127,3.86,3.86,3.86,3.86,0.00%
1018,20030124,3.86,3.86,3.86,3.86,0.00%
1019,20030121,3.86,3.86,3.86,3.86,0.26%
1020,20030120,3.85,3.85,3.85,3.85,0.00%
1021,20030116,3.85,3.85,3.85,3.85,-1.03%
1022,20021219,3.89,3.89,3.89,3.89,0.78%
1023,20021213,3.86,3.86,3.86,3.86,-1.53%
1024,20021202,3.92,3.92,3.92,3.92,-1.01%
1025,20021128,3.96,3.96,3.96,3.96,2.06%
1026,20021127,3.88,3.88,3.88,3.88,-0.26%
1027,20021121,3.89,3.89,3.89,3.89,1.04%
1028,20021120,3.85,3.85,3.85,3.85,-0.52%
1029,20021118,3.87,3.87,3.87,3.87,0.52%
1030,20021115,3.85,3.85,3.85,3.85,0.00%
1031,20021114,3.85,3.85,3.85,3.85,1.32%
1032,20021112,3.8,3.8,3.8,3.8,0.53%
1033,20021107,3.78,3.78,3.78,3.78,0.53%
1034,20021106,3.76,3.76,3.76,3.76,-1.05%
1035,20021101,3.8,3.8,3.8,3.8,0.80%
1036,20021031,3.77,3.77,3.77,3.77,-2.58%
1037,20021018,3.87,3.87,3.87,3.87,-0.77%
1038,20021017,3.9,3.9,3.9,3.9,1.83%
1039,20021016,3.83,3.83,3.83,3.83,0.26%
1040,20021010,3.82,3.82,3.82,3.82,0.53%
1041,20021008,3.8,3.8,3.8,3.8,0.53%
1042,20021003,3.78,3.78,3.78,3.78,-1.05%
1043,20020930,3.82,3.82,3.82,3.82,-0.26%
1044,20020925,3.83,3.83,3.83,3.83,-1.03%
1045,20020920,3.87,3.87,3.87,3.87,0.26%
1046,20020919,3.86,3.86,3.86,3.86,-0.26%
1047,20020903,3.87,3.87,3.87,3.87,0.00%
1048,20020829,3.87,3.87,3.87,3.87,-0.26%
1049,20020820,3.88,3.88,3.88,3.88,1.04%
1050,20020819,3.84,3.84,3.84,3.84,0.26%
1051,20020815,3.83,3.83,3.83,3.83,-0.26%
1052,20020806,3.84,3.84,3.84,3.84,-0.26%
1053,20020805,3.85,3.85,3.85,3.85,-0.52%
1054,20020802,3.87,3.87,3.87,3.87,-1.78%
1055,20020801,3.94,3.94,3.94,3.94,-1.01%
1056,20020730,3.98,3.98,3.98,3.98,0.00%
1057,20020722,3.98,3.98,3.98,3.98,-0.75%
1058,20020719,4.01,4.01,4.01,4.01,0.00%
1059,20020717,4.01,4.01,4.01,4.01,-0.25%
1060,20020716,4.02,4.02,4.02,4.02,-3.37%
1061,20020710,4.16,4.16,4.16,4.16,-0.48%
1062,20020705,4.18,4.18,4.18,4.18,-1.42%
1063,20020628,4.24,4.24,4.24,4.24,-0.47%
1064,20020626,4.26,4.26,4.26,4.26,1.91%
1065,20020625,4.18,4.18,4.18,4.18,-2.11%
1066,20020624,4.27,4.27,4.27,4.27,-34.31%
1067,19970509,6.5,6.5,6.5,6.5,0.00%
1068,19970508,6.5,6.5,6.5,6.5,0.00%
1069,19970507,6.5,6.5,6.5,6.5,-0.91%
1070,19970506,6.56,6.56,6.56,6.56,-1.06%
1071,19970502,6.63,6.63,6.63,6.63,0.45%
1072,19970501,6.6,6.6,6.6,6.6,1.54%
1073,19970430,6.5,6.5,6.5,6.5,-2.26%
1074,19970429,6.65,6.65,6.65,6.65,2.31%
1075,19970428,6.5,6.5,6.5,6.5,-1.81%
1076,19970425,6.62,6.62,6.62,6.62,2.80%
1077,19970424,6.44,6.44,6.44,6.44,0.00%
1078,19970423,6.44,6.44,6.44,6.44,-1.83%
1079,19970422,6.56,6.56,6.56,6.56,0.92%
1080,19970421,6.5,6.5,6.5,6.5,0.00%
1081,19970418,6.5,6.5,6.5,6.5,0.00%
1082,19970417,6.5,6.5,6.5,6.5,0.15%
1083,19970416,6.49,6.49,6.49,6.49,-2.41%
1084,19970415,6.65,6.65,6.65,6.65,0.45%
1085,19970414,6.62,6.62,6.62,6.62,0.91%
1086,19970411,6.56,6.56,6.56,6.56,0.92%
1087,19970410,6.5,6.5,6.5,6.5,-1.37%
1088,19970409,6.59,6.59,6.59,6.59,0.46%
1089,19970408,6.56,6.56,6.56,6.56,1.86%
1090,19970407,6.44,6.44,6.44,6.44,-1.83%
1091,19970404,6.56,6.56,6.56,6.56,-0.91%
1092,19970403,6.62,6.62,6.62,6.62,1.85%
1093,19970402,6.5,6.5,6.5,6.5,0.93%
1094,19970401,6.44,6.44,6.44,6.44,0.16%
1095,19970327,6.43,6.43,6.43,6.43,1.90%
1096,19970326,6.31,6.31,6.31,6.31,-6.52%
1097,19970325,6.75,6.75,6.75,6.75,2.90%
1098,19970324,6.56,6.56,6.56,6.56,1.71%
1099,19970321,6.45,6.45,6.45,6.45,-0.77%
1100,19970320,6.5,6.5,6.5,6.5,1.09%
1101,19970319,6.43,6.43,6.43,6.43,-1.98%
1102,19970318,6.56,6.56,6.56,6.56,3.96%
1103,19970317,6.31,6.31,6.31,6.31,1.94%
1104,19970314,6.19,6.19,6.19,6.19,-0.96%
1105,19970313,6.25,6.25,6.25,6.25,2.12%
1106,19970312,6.12,6.12,6.12,6.12,-5.85%
1107,19970311,6.5,6.5,6.5,6.5,1.09%
1108,19970310,6.43,6.43,6.43,6.43,2.23%
1109,19970307,6.29,6.29,6.29,6.29,-0.32%
1110,19970306,6.31,6.31,6.31,6.31,1.94%
1111,19970305,6.19,6.19,6.19,6.19,0.00%
1112,19970304,6.19,6.19,6.19,6.19,4.38%
1113,19970303,5.93,5.93,5.93,5.93,-3.10%
1114,19970228,6.12,6.12,6.12,6.12,-0.97%
1115,19970227,6.18,6.18,6.18,6.18,-2.06%
1116,19970226,6.31,6.31,6.31,6.31,0.80%
1117,19970225,6.26,6.26,6.26,6.26,0.16%
1118,19970224,6.25,6.25,6.25,6.25,1.13%
1119,19970221,6.18,6.18,6.18,6.18,-3.13%
1120,19970220,6.38,6.38,6.38,6.38,1.27%
1121,19970219,6.3,6.3,6.3,6.3,1.78%
1122,19970218,6.19,6.19,6.19,6.19,-5.64%
1123,19970217,6.56,6.56,6.56,6.56,0.92%
1124,19970214,6.5,6.5,6.5,6.5,-0.91%
1125,19970213,6.56,6.56,6.56,6.56,4.29%
1126,19970212,6.29,6.29,6.29,6.29,-3.23%
1127,19970211,6.5,6.5,6.5,6.5,3.17%
1128,19970210,6.3,6.3,6.3,6.3,-0.16%
1129,19970207,6.31,6.31,6.31,6.31,0.96%
1130,19970206,6.25,6.25,6.25,6.25,-0.95%
1131,19970205,6.31,6.31,6.31,6.31,-2.92%
1132,19970204,6.5,6.5,6.5,6.5,2.04%
1133,19970203,6.37,6.37,6.37,6.37,-2.90%
1134,19970131,6.56,6.56,6.56,6.56,0.92%
1135,19970130,6.5,6.5,6.5,6.5,-0.91%
1136,19970129,6.56,6.56,6.56,6.56,3.63%
1137,19970128,6.33,6.33,6.33,6.33,-0.63%
1138,19970127,6.37,6.37,6.37,6.37,-2.90%
1139,19970124,6.56,6.56,6.56,6.56,0.92%
1140,19970123,6.5,6.5,6.5,6.5,5.01%
1141,19970122,6.19,6.19,6.19,6.19,-5.21%
1142,19970121,6.53,6.53,6.53,6.53,4.48%
1143,19970120,6.25,6.25,6.25,6.25,-4.73%
1144,19970117,6.56,6.56,6.56,6.56,-0.91%
1145,19970116,6.62,6.62,6.62,6.62,-0.90%
1146,19970115,6.68,6.68,6.68,6.68,2.77%
1147,19970114,6.5,6.5,6.5,6.5,-1.81%
1148,19970113,6.62,6.62,6.62,6.62,1.07%
1149,19970110,6.55,6.55,6.55,6.55,-0.15%
1150,19970109,6.56,6.56,6.56,6.56,-2.24%
1151,19970108,6.71,6.71,6.71,6.71,1.36%
1152,19970107,6.62,6.62,6.62,6.62,1.85%
1153,19970106,6.5,6.5,6.5,6.5,-0.76%
1154,19970103,6.55,6.55,6.55,6.55,-2.96%
1155,19970102,6.75,6.75,6.75,6.75,1.05%
1156,19961231,6.68,6.68,6.68,6.68,-1.04%
1157,19961230,6.75,6.75,6.75,6.75,4.81%
1158,19961227,6.44,6.44,6.44,6.44,-0.92%
1159,19961224,6.5,6.5,6.5,6.5,-0.91%
1160,19961223,6.56,6.56,6.56,6.56,0.92%
1161,19961220,6.5,6.5,6.5,6.5,2.52%
1162,19961219,6.34,6.34,6.34,6.34,-4.66%
1163,19961218,6.65,6.65,6.65,6.65,3.10%
1164,19961217,6.45,6.45,6.45,6.45,-1.68%
1165,19961216,6.56,6.56,6.56,6.56,-0.46%
1166,19961213,6.59,6.59,6.59,6.59,4.44%
1167,19961212,6.31,6.31,6.31,6.31,-1.87%
1168,19961211,6.43,6.43,6.43,6.43,0.31%
1169,19961210,6.41,6.41,6.41,6.41,-0.31%
1170,19961209,6.43,6.43,6.43,6.43,-1.98%
1171,19961206,6.56,6.56,6.56,6.56,4.96%
1172,19961205,6.25,6.25,6.25,6.25,-4.14%
1173,19961204,6.52,6.52,6.52,6.52,-0.15%
1174,19961203,6.53,6.53,6.53,6.53,-0.91%
1175,19961202,6.59,6.59,6.59,6.59,1.38%
1176,19961129,6.5,6.5,6.5,6.5,-1.37%
1177,19961128,6.59,6.59,6.59,6.59,5.44%
1178,19961127,6.25,6.25,6.25,6.25,-3.85%
1179,19961126,6.5,6.5,6.5,6.5,0.46%
1180,19961125,6.47,6.47,6.47,6.47,-1.37%
1181,19961122,6.56,6.56,6.56,6.56,-0.46%
1182,19961121,6.59,6.59,6.59,6.59,1.07%
1183,19961120,6.52,6.52,6.52,6.52,3.33%
1184,19961119,6.31,6.31,6.31,6.31,-2.32%
1185,19961118,6.46,6.46,6.46,6.46,-1.97%
1186,19961115,6.59,6.59,6.59,6.59,0.92%
1187,19961114,6.53,6.53,6.53,6.53,1.40%
1188,19961113,6.44,6.44,6.44,6.44,0.94%
1189,19961112,6.38,6.38,6.38,6.38,-1.85%
1190,19961111,6.5,6.5,6.5,6.5,-0.91%
1191,19961108,6.56,6.56,6.56,6.56,1.86%
1192,19961107,6.44,6.44,6.44,6.44,0.62%
1193,19961106,6.4,6.4,6.4,6.4,3.39%
1194,19961105,6.19,6.19,6.19,6.19,-3.73%
1195,19961104,6.43,6.43,6.43,6.43,5.41%
1196,19961101,6.1,6.1,6.1,6.1,-3.48%
1197,19961031,6.32,6.32,6.32,6.32,-0.32%
1198,19961030,6.34,6.34,6.34,6.34,4.11%
1199,19961029,6.09,6.09,6.09,6.09,3.92%
1200,19961028,5.86,5.86,5.86,5.86,0.69%
1201,19961025,5.82,5.82,5.82,5.82,-0.51%
1202,19961024,5.85,5.85,5.85,5.85,-4.41%
1203,19961023,6.12,6.12,6.12,6.12,4.97%
1204,19961022,5.83,5.83,5.83,5.83,-0.68%
1205,19961021,5.87,5.87,5.87,5.87,-3.14%
1206,19961018,6.06,6.06,6.06,6.06,1.00%
1207,19961017,6.0,6.0,6.0,6.0,3.63%
1208,19961016,5.79,5.79,5.79,5.79,-2.69%
1209,19961015,5.95,5.95,5.95,5.95,0.34%
1210,19961014,5.93,5.93,5.93,5.93,2.60%
1211,19961011,5.78,5.78,5.78,5.78,-3.02%
1212,19961010,5.96,5.96,5.96,5.96,-0.67%
1213,19961009,6.0,6.0,6.0,6.0,5.63%
1214,19961008,5.68,5.68,5.68,5.68,-0.70%
1215,19961007,5.72,5.72,5.72,5.72,-0.87%
1216,19961004,5.77,5.77,5.77,5.77,0.35%
1217,19961003,5.75,5.75,5.75,5.75,1.05%
1218,19961002,5.69,5.69,5.69,5.69,-3.56%
1219,19961001,5.9,5.9,5.9,5.9,0.00%
1220,19960930,5.9,5.9,5.9,5.9,4.24%
1221,19960927,5.66,5.66,5.66,5.66,-5.67%
1222,19960926,6.0,6.0,6.0,6.0,5.08%
1223,19960925,5.71,5.71,5.71,5.71,1.24%
1224,19960924,5.64,5.64,5.64,5.64,0.36%
1225,19960923,5.62,5.62,5.62,5.62,-6.33%
1226,19960920,6.0,6.0,6.0,6.0,6.57%
1227,19960919,5.63,5.63,5.63,5.63,0.00%
1228,19960918,5.63,5.63,5.63,5.63,1.62%
1229,19960917,5.54,5.54,5.54,5.54,-5.14%
1230,19960916,5.84,5.84,5.84,5.84,3.91%
1231,19960913,5.62,5.62,5.62,5.62,-3.77%
1232,19960912,5.84,5.84,5.84,5.84,0.52%
1233,19960911,5.81,5.81,5.81,5.81,1.93%
1234,19960910,5.7,5.7,5.7,5.7,1.42%
1235,19960909,5.62,5.62,5.62,5.62,1.26%
1236,19960906,5.55,5.55,5.55,5.55,-3.48%
1237,19960905,5.75,5.75,5.75,5.75,1.77%
1238,19960904,5.65,5.65,5.65,5.65,-2.75%
1239,19960903,5.81,5.81,5.81,5.81,7.39%
1240,19960902,5.41,5.41,5.41,5.41,-1.28%
1241,19960830,5.48,5.48,5.48,5.48,0.74%
1242,19960829,5.44,5.44,5.44,5.44,-5.39%
1243,19960828,5.75,5.75,5.75,5.75,1.23%
1244,19960827,5.68,5.68,5.68,5.68,4.03%
1245,19960823,5.46,5.46,5.46,5.46,-1.80%
1246,19960822,5.56,5.56,5.56,5.56,-3.30%
1247,19960821,5.75,5.75,5.75,5.75,-0.17%
1248,19960820,5.76,5.76,5.76,5.76,0.17%
1249,19960819,5.75,5.75,5.75,5.75,0.00%
1250,19960816,5.75,5.75,5.75,5.75,-0.52%
1251,19960815,5.78,5.78,5.78,5.78,-2.53%
1252,19960814,5.93,5.93,5.93,5.93,0.51%
1253,19960813,5.9,5.9,5.9,5.9,-0.51%
1254,19960812,5.93,5.93,5.93,5.93,0.85%
1255,19960809,5.88,5.88,5.88,5.88,-0.84%
1256,19960808,5.93,5.93,5.93,5.93,3.13%
1257,19960807,5.75,5.75,5.75,5.75,-1.54%
1258,19960806,5.84,5.84,5.84,5.84,1.57%
1259,19960805,5.75,5.75,5.75,5.75,1.23%
1260,19960802,5.68,5.68,5.68,5.68,-0.53%
1261,19960801,5.71,5.71,5.71,5.71,-2.73%
1262,19960731,5.87,5.87,5.87,5.87,2.80%
1263,19960730,5.71,5.71,5.71,5.71,0.35%
1264,19960729,5.69,5.69,5.69,5.69,-0.35%
1265,19960726,5.71,5.71,5.71,5.71,-2.23%
1266,19960725,5.84,5.84,5.84,5.84,2.28%
1267,19960724,5.71,5.71,5.71,5.71,0.00%
1268,19960723,5.71,5.71,5.71,5.71,-1.21%
1269,19960722,5.78,5.78,5.78,5.78,1.76%
1270,19960719,5.68,5.68,5.68,5.68,-0.35%
1271,19960718,5.7,5.7,5.7,5.7,0.35%
1272,19960717,5.68,5.68,5.68,5.68,-1.22%
1273,19960715,5.75,5.75,5.75,5.75,-1.03%
1274,19960712,5.81,5.81,5.81,5.81,5.25%
1275,19960711,5.52,5.52,5.52,5.52,-4.00%
1276,19960710,5.75,5.75,5.75,5.75,-0.52%
1277,19960709,5.78,5.78,5.78,5.78,0.17%
1278,19960705,5.77,5.77,5.77,5.77,-0.69%
1279,19960704,5.81,5.81,5.81,5.81,0.00%
1280,19960703,5.81,5.81,5.81,5.81,-1.02%
1281,19960702,5.87,5.87,5.87,5.87,-0.51%
1282,19960701,5.9,5.9,5.9,5.9,2.08%
1283,19960628,5.78,5.78,5.78,5.78,0.00%
1284,19960627,5.78,5.78,5.78,5.78,-1.53%
1285,19960626,5.87,5.87,5.87,5.87,1.03%
1286,19960625,5.81,5.81,5.81,5.81,1.04%
1287,19960624,5.75,5.75,5.75,5.75,0.00%
1288,19960621,5.75,5.75,5.75,5.75,-0.52%
1289,19960620,5.78,5.78,5.78,5.78,-0.17%
1290,19960619,5.79,5.79,5.79,5.79,-1.36%
1291,19960618,5.87,5.87,5.87,5.87,-0.51%
1292,19960617,5.9,5.9,5.9,5.9,2.61%
1293,19960614,5.75,5.75,5.75,5.75,-0.86%
1294,19960613,5.8,5.8,5.8,5.8,-0.17%
1295,19960612,5.81,5.81,5.81,5.81,-1.02%
1296,19960611,5.87,5.87,5.87,5.87,-1.01%
1297,19960610,5.93,5.93,5.93,5.93,-2.15%
1298,19960607,6.06,6.06,6.06,6.06,2.19%
1299,19960606,5.93,5.93,5.93,5.93,-3.58%
1300,19960605,6.15,6.15,6.15,6.15,1.49%
1301,19960604,6.06,6.06,6.06,6.06,-0.98%
1302,19960603,6.12,6.12,6.12,6.12,1.49%
1303,19960531,6.03,6.03,6.03,6.03,-0.50%
1304,19960530,6.06,6.06,6.06,6.06,-1.94%
1305,19960529,6.18,6.18,6.18,6.18,0.49%
1306,19960528,6.15,6.15,6.15,6.15,0.99%
1307,19960524,6.09,6.09,6.09,6.09,1.00%
1308,19960523,6.03,6.03,6.03,6.03,-0.99%
1309,19960522,6.09,6.09,6.09,6.09,1.50%
1310,19960521,6.0,6.0,6.0,6.0,-0.33%
1311,19960520,6.02,6.02,6.02,6.02,-0.66%
1312,19960517,6.06,6.06,6.06,6.06,1.00%
1313,19960516,6.0,6.0,6.0,6.0,-1.96%
1314,19960515,6.12,6.12,6.12,6.12,2.17%
1315,19960514,5.99,5.99,5.99,5.99,-1.16%
1316,19960513,6.06,6.06,6.06,6.06,0.50%
1317,19960510,6.03,6.03,6.03,6.03,-0.50%
1318,19960508,6.06,6.06,6.06,6.06,-0.98%
1319,19960507,6.12,6.12,6.12,6.12,2.51%
1320,19960503,5.97,5.97,5.97,5.97,-3.40%
1321,19960502,6.18,6.18,6.18,6.18,2.49%
1322,19960501,6.03,6.03,6.03,6.03,1.17%
1323,19960430,5.96,5.96,5.96,5.96,0.17%
1324,19960429,5.95,5.95,5.95,5.95,-2.78%
1325,19960426,6.12,6.12,6.12,6.12,2.00%
1326,19960425,6.0,6.0,6.0,6.0,-1.96%
1327,19960424,6.12,6.12,6.12,6.12,0.00%
1328,19960423,6.12,6.12,6.12,6.12,3.03%
1329,19960422,5.94,5.94,5.94,5.94,0.51%
1330,19960419,5.91,5.91,5.91,5.91,-1.50%
1331,19960418,6.0,6.0,6.0,6.0,-1.96%
1332,19960417,6.12,6.12,6.12,6.12,0.49%
1333,19960416,6.09,6.09,6.09,6.09,2.70%
1334,19960415,5.93,5.93,5.93,5.93,-1.66%
1335,19960412,6.03,6.03,6.03,6.03,1.17%
1336,19960411,5.96,5.96,5.96,5.96,-3.56%
1337,19960410,6.18,6.18,6.18,6.18,-0.48%
1338,19960409,6.21,6.21,6.21,6.21,1.47%
1339,19960404,6.12,6.12,6.12,6.12,2.00%
1340,19960403,6.0,6.0,6.0,6.0,-0.99%
1341,19960402,6.06,6.06,6.06,6.06,0.83%
1342,19960401,6.01,6.01,6.01,6.01,-3.22%
1343,19960329,6.21,6.21,6.21,6.21,2.48%
1344,19960328,6.06,6.06,6.06,6.06,-2.42%
1345,19960327,6.21,6.21,6.21,6.21,4.60%
1346,19960326,5.937,5.937,5.937,5.937,2.19%
1347,19960325,5.81,5.81,5.81,5.81,1.75%
1348,19960322,5.71,5.71,5.71,5.71,1.24%
1349,19960321,5.64,5.64,5.64,5.64,-1.05%
1350,19960320,5.7,5.7,5.7,5.7,-4.04%
1351,19960319,5.94,5.94,5.94,5.94,-1.98%
1352,19960318,6.06,6.06,6.06,6.06,6.50%
1353,19960315,5.69,5.69,5.69,5.69,-5.17%
1354,19960314,6.0,6.0,6.0,6.0,0.00%
1355,19960313,6.0,6.0,6.0,6.0,-0.50%
1356,19960312,6.03,6.03,6.03,6.03,5.24%
1357,19960311,5.73,5.73,5.73,5.73,-1.21%
1358,19960308,5.8,5.8,5.8,5.8,1.93%
1359,19960307,5.69,5.69,5.69,5.69,0.89%
1360,19960306,5.64,5.64,5.64,5.64,-0.35%
1361,19960305,5.66,5.66,5.66,5.66,-5.03%
1362,19960304,5.96,5.96,5.96,5.96,3.47%
1363,19960301,5.76,5.76,5.76,5.76,-4.48%
1364,19960229,6.03,6.03,6.03,6.03,-2.43%
1365,19960228,6.18,6.18,6.18,6.18,2.66%
1366,19960227,6.02,6.02,6.02,6.02,0.33%
1367,19960226,6.0,6.0,6.0,6.0,-2.91%
1368,19960223,6.18,6.18,6.18,6.18,0.98%
1369,19960222,6.12,6.12,6.12,6.12,0.00%
1370,19960221,6.12,6.12,6.12,6.12,0.49%
1371,19960220,6.09,6.09,6.09,6.09,1.84%
1372,19960219,5.98,5.98,5.98,5.98,0.67%
1373,19960216,5.94,5.94,5.94,5.94,-2.94%
1374,19960215,6.12,6.12,6.12,6.12,-0.97%
1375,19960214,6.18,6.18,6.18,6.18,0.98%
1376,19960213,6.12,6.12,6.12,6.12,0.99%
1377,19960212,6.06,6.06,6.06,6.06,-1.94%
1378,19960209,6.18,6.18,6.18,6.18,0.98%
1379,19960208,6.12,6.12,6.12,6.12,2.00%
1380,19960207,6.0,6.0,6.0,6.0,0.00%
1381,19960206,6.0,6.0,6.0,6.0,-4.91%
1382,19960205,6.31,6.31,6.31,6.31,3.61%
1383,19960202,6.09,6.09,6.09,6.09,1.00%
1384,19960201,6.03,6.03,6.03,6.03,0.50%
1385,19960131,6.0,6.0,6.0,6.0,-2.91%
1386,19960130,6.18,6.18,6.18,6.18,1.98%
1387,19960129,6.06,6.06,6.06,6.06,-0.16%
1388,19960126,6.07,6.07,6.07,6.07,0.17%
1389,19960125,6.06,6.06,6.06,6.06,1.00%
1390,19960124,6.0,6.0,6.0,6.0,-1.96%
1391,19960123,6.12,6.12,6.12,6.12,2.00%
1392,19960122,6.0,6.0,6.0,6.0,-0.99%
1393,19960119,6.06,6.06,6.06,6.06,-0.49%
1394,19960118,6.09,6.09,6.09,6.09,-1.62%
1395,19960117,6.19,6.19,6.19,6.19,-0.96%
1396,19960116,6.25,6.25,6.25,6.25,-0.95%
1397,19960115,6.31,6.31,6.31,6.31,0.96%
1398,19960112,6.25,6.25,6.25,6.25,-1.42%
1399,19960111,6.34,6.34,6.34,6.34,0.48%
1400,19960110,6.31,6.31,6.31,6.31,0.00%
1401,19960109,6.31,6.31,6.31,6.31,0.00%
1402,19960108,6.31,6.31,6.31,6.31,-2.92%
1403,19960105,6.5,6.5,6.5,6.5,3.17%
1404,19960104,6.3,6.3,6.3,6.3,-0.16%
1405,19960103,6.31,6.31,6.31,6.31,0.16%
1406,19960102,6.3,6.3,6.3,6.3,-2.02%
1407,19951229,6.43,6.43,6.43,6.43,-1.08%
1408,19951228,6.5,6.5,6.5,6.5,0.00%
1409,19951227,6.5,6.5,6.5,6.5,-1.81%
1410,19951222,6.62,6.62,6.62,6.62,5.41%
1411,19951221,6.28,6.28,6.28,6.28,-2.33%
1412,19951220,6.43,6.43,6.43,6.43,0.00%
1413,19951219,6.43,6.43,6.43,6.43,-1.08%
1414,19951218,6.5,6.5,6.5,6.5,4.00%
1415,19951215,6.25,6.25,6.25,6.25,-2.80%
1416,19951214,6.43,6.43,6.43,6.43,-1.08%
1417,19951213,6.5,6.5,6.5,6.5,0.62%
1418,19951212,6.46,6.46,6.46,6.46,0.47%
1419,19951211,6.43,6.43,6.43,6.43,2.23%
1420,19951208,6.29,6.29,6.29,6.29,-0.79%
1421,19951206,6.34,6.34,6.34,6.34,-1.40%
1422,19951205,6.43,6.43,6.43,6.43,1.90%
1423,19951204,6.31,6.31,6.31,6.31,-1.10%
1424,19951201,6.38,6.38,6.38,6.38,-1.85%
1425,19951130,6.5,6.5,6.5,6.5,-1.81%
1426,19951129,6.62,6.62,6.62,6.62,0.91%
1427,19951128,6.56,6.56,6.56,6.56,-2.81%
1428,19951127,6.75,6.75,6.75,6.75,1.05%
1429,19951124,6.68,6.68,6.68,6.68,0.00%
1430,19951123,6.68,6.68,6.68,6.68,-1.04%
1431,19951122,6.75,6.75,6.75,6.75,2.90%
1432,19951121,6.56,6.56,6.56,6.56,-2.81%
1433,19951120,6.75,6.75,6.75,6.75,1.05%
1434,19951117,6.68,6.68,6.68,6.68,-1.04%
1435,19951116,6.75,6.75,6.75,6.75,-0.88%
1436,19951115,6.81,6.81,6.81,6.81,2.87%
1437,19951114,6.62,6.62,6.62,6.62,-3.64%
1438,19951113,6.87,6.87,6.87,6.87,0.88%
1439,19951110,6.81,6.81,6.81,6.81,0.00%
1440,19951109,6.81,6.81,6.81,6.81,2.87%
1441,19951108,6.62,6.62,6.62,6.62,-3.64%
1442,19951107,6.87,6.87,6.87,6.87,2.84%
1443,19951106,6.68,6.68,6.68,6.68,-3.61%
1444,19951103,6.93,6.93,6.93,6.93,-1.00%
1445,19951102,7.0,7.0,7.0,7.0,0.57%
1446,19951101,6.96,6.96,6.96,6.96,-0.57%
1447,19951031,7.0,7.0,7.0,7.0,0.00%
1448,19951030,7.0,7.0,7.0,7.0,-0.85%
1449,19951027,7.06,7.06,7.06,7.06,-0.84%
1450,19951026,7.12,7.12,7.12,7.12,-1.79%
1451,19951025,7.25,7.25,7.25,7.25,-0.82%
1452,19951024,7.31,7.31,7.31,7.31,-0.81%
1453,19951023,7.37,7.37,7.37,7.37,2.65%
1454,19951020,7.18,7.18,7.18,7.18,0.84%
1455,19951019,7.12,7.12,7.12,7.12,-1.79%
1456,19951018,7.25,7.25,7.25,7.25,0.97%
1457,19951017,7.18,7.18,7.18,7.18,1.27%
1458,19951016,7.09,7.09,7.09,7.09,5.04%
1459,19951013,6.75,6.75,6.75,6.75,-0.88%
1460,19951012,6.81,6.81,6.81,6.81,-3.54%
1461,19951011,7.06,7.06,7.06,7.06,2.77%
1462,19951010,6.87,6.87,6.87,6.87,0.88%
1463,19951009,6.81,6.81,6.81,6.81,-1.73%
1464,19951006,6.93,6.93,6.93,6.93,4.52%
1465,19951005,6.63,6.63,6.63,6.63,-2.64%
1466,19951004,6.81,6.81,6.81,6.81,0.89%
1467,19951003,6.75,6.75,6.75,6.75,-1.75%
1468,19951002,6.87,6.87,6.87,6.87,-0.87%
1469,19950929,6.93,6.93,6.93,6.93,-1.00%
1470,19950928,7.0,7.0,7.0,7.0,1.01%
1471,19950927,6.93,6.93,6.93,6.93,0.87%
1472,19950926,6.87,6.87,6.87,6.87,-0.87%
1473,19950925,6.93,6.93,6.93,6.93,1.76%
1474,19950922,6.81,6.81,6.81,6.81,0.89%
1475,19950921,6.75,6.75,6.75,6.75,0.90%
1476,19950920,6.69,6.69,6.69,6.69,0.60%
1477,19950919,6.65,6.65,6.65,6.65,-1.48%
1478,19950918,6.75,6.75,6.75,6.75,2.90%
1479,19950915,6.56,6.56,6.56,6.56,-1.80%
1480,19950914,6.68,6.68,6.68,6.68,0.00%
1481,19950913,6.68,6.68,6.68,6.68,0.00%
1482,19950912,6.68,6.68,6.68,6.68,-1.04%
1483,19950911,6.75,6.75,6.75,6.75,1.50%
1484,19950908,6.65,6.65,6.65,6.65,-0.45%
1485,19950907,6.68,6.68,6.68,6.68,-1.91%
1486,19950906,6.81,6.81,6.81,6.81,1.79%
1487,19950905,6.69,6.69,6.69,6.69,-0.89%
1488,19950904,6.75,6.75,6.75,6.75,-1.75%
1489,19950901,6.87,6.87,6.87,6.87,0.88%
1490,19950831,6.81,6.81,6.81,6.81,0.89%
1491,19950830,6.75,6.75,6.75,6.75,-0.88%
1492,19950829,6.81,6.81,6.81,6.81,0.89%
1493,19950825,6.75,6.75,6.75,6.75,-0.88%
1494,19950824,6.81,6.81,6.81,6.81,0.89%
1495,19950823,6.75,6.75,6.75,6.75,-0.88%
1496,19950822,6.81,6.81,6.81,6.81,0.00%
1497,19950821,6.81,6.81,6.81,6.81,-0.44%
1498,19950818,6.84,6.84,6.84,6.84,-0.58%
1499,19950817,6.88,6.88,6.88,6.88,-0.86%
1500,19950816,6.94,6.94,6.94,6.94,0.00%
1501,19950815,6.94,6.94,6.94,6.94,-0.86%
1502,19950814,7.0,7.0,7.0,7.0,2.34%
1503,19950811,6.84,6.84,6.84,6.84,-0.58%
1504,19950810,6.88,6.88,6.88,6.88,0.15%
1505,19950809,6.87,6.87,6.87,6.87,0.00%
1506,19950808,6.87,6.87,6.87,6.87,0.00%
1507,19950807,6.87,6.87,6.87,6.87,-0.43%
1508,19950804,6.9,6.9,6.9,6.9,0.00%
1509,19950803,6.9,6.9,6.9,6.9,-0.58%
1510,19950802,6.94,6.94,6.94,6.94,0.14%
1511,19950801,6.93,6.93,6.93,6.93,0.87%
1512,19950731,6.87,6.87,6.87,6.87,-0.15%
1513,19950728,6.88,6.88,6.88,6.88,0.58%
1514,19950727,6.84,6.84,6.84,6.84,0.44%
1515,19950726,6.81,6.81,6.81,6.81,-1.02%
1516,19950725,6.88,6.88,6.88,6.88,-0.86%
1517,19950724,6.94,6.94,6.94,6.94,0.87%
1518,19950721,6.88,6.88,6.88,6.88,-1.15%
1519,19950720,6.96,6.96,6.96,6.96,0.43%
1520,19950719,6.93,6.93,6.93,6.93,0.87%
1521,19950718,6.87,6.87,6.87,6.87,-0.87%
1522,19950717,6.93,6.93,6.93,6.93,0.87%
1523,19950714,6.87,6.87,6.87,6.87,0.00%
1524,19950713,6.87,6.87,6.87,6.87,0.44%
1525,19950712,6.84,6.84,6.84,6.84,-0.44%
1526,19950711,6.87,6.87,6.87,6.87,-0.87%
1527,19950710,6.93,6.93,6.93,6.93,0.87%
1528,19950707,6.87,6.87,6.87,6.87,-1.86%
1529,19950706,7.0,7.0,7.0,7.0,1.01%
1530,19950705,6.93,6.93,6.93,6.93,-2.26%
1531,19950704,7.09,7.09,7.09,7.09,-0.42%
1532,19950703,7.12,7.12,7.12,7.12,0.00%
1533,19950630,7.12,7.12,7.12,7.12,0.85%
1534,19950629,7.06,7.06,7.06,7.06,-0.84%
1535,19950628,7.12,7.12,7.12,7.12,-0.84%
1536,19950627,7.18,7.18,7.18,7.18,2.57%
1537,19950626,7.0,7.0,7.0,7.0,2.79%
1538,19950623,6.81,6.81,6.81,6.81,0.89%
1539,19950622,6.75,6.75,6.75,6.75,-0.88%
1540,19950621,6.81,6.81,6.81,6.81,0.89%
1541,19950620,6.75,6.75,6.75,6.75,0.00%
1542,19950619,6.75,6.75,6.75,6.75,0.00%
1543,19950616,6.75,6.75,6.75,6.75,0.60%
1544,19950615,6.71,6.71,6.71,6.71,0.45%
1545,19950614,6.68,6.68,6.68,6.68,0.00%
1546,19950613,6.68,6.68,6.68,6.68,-1.04%
1547,19950612,6.75,6.75,6.75,6.75,0.00%
1548,19950609,6.75,6.75,6.75,6.75,0.00%
1549,19950608,6.75,6.75,6.75,6.75,1.05%
1550,19950607,6.68,6.68,6.68,6.68,0.00%
1551,19950606,6.68,6.68,6.68,6.68,1.83%
1552,19950605,6.56,6.56,6.56,6.56,-2.81%
1553,19950602,6.75,6.75,6.75,6.75,0.00%
1554,19950601,6.75,6.75,6.75,6.75,-0.88%
1555,19950531,6.81,6.81,6.81,6.81,-1.02%
1556,19950530,6.88,6.88,6.88,6.88,1.03%
1557,19950526,6.81,6.81,6.81,6.81,0.89%
1558,19950525,6.75,6.75,6.75,6.75,-1.75%
1559,19950524,6.87,6.87,6.87,6.87,-0.15%
1560,19950523,6.88,6.88,6.88,6.88,-0.29%
1561,19950522,6.9,6.9,6.9,6.9,0.29%
1562,19950519,6.88,6.88,6.88,6.88,-0.72%
1563,19950518,6.93,6.93,6.93,6.93,-1.00%
1564,19950517,7.0,7.0,7.0,7.0,0.00%
1565,19950516,7.0,7.0,7.0,7.0,0.86%
1566,19950515,6.94,6.94,6.94,6.94,-0.86%
1567,19950512,7.0,7.0,7.0,7.0,0.00%
1568,19950511,7.0,7.0,7.0,7.0,0.00%
1569,19950510,7.0,7.0,7.0,7.0,0.00%
1570,19950509,7.0,7.0,7.0,7.0,-1.69%
1571,19950505,7.12,7.12,7.12,7.12,-0.84%
1572,19950504,7.18,7.18,7.18,7.18,0.42%
1573,19950503,7.15,7.15,7.15,7.15,-0.42%
1574,19950502,7.18,7.18,7.18,7.18,-0.14%
1575,19950501,7.19,7.19,7.19,7.19,0.14%
1576,19950428,7.18,7.18,7.18,7.18,0.84%
1577,19950427,7.12,7.12,7.12,7.12,-0.14%
1578,19950426,7.13,7.13,7.13,7.13,0.14%
1579,19950425,7.12,7.12,7.12,7.12,1.71%
1580,19950424,7.0,7.0,7.0,7.0,0.57%
1581,19950421,6.96,6.96,6.96,6.96,-0.57%
1582,19950420,7.0,7.0,7.0,7.0,0.86%
1583,19950419,6.94,6.94,6.94,6.94,0.87%
1584,19950418,6.88,6.88,6.88,6.88,-0.72%
1585,19950413,6.93,6.93,6.93,6.93,0.00%
1586,19950412,6.93,6.93,6.93,6.93,-0.14%
1587,19950411,6.94,6.94,6.94,6.94,0.58%
1588,19950410,6.9,6.9,6.9,6.9,-1.00%
1589,19950407,6.97,6.97,6.97,6.97,0.43%
1590,19950406,6.94,6.94,6.94,6.94,-0.86%
1591,19950405,7.0,7.0,7.0,7.0,-0.85%
1592,19950404,7.06,7.06,7.06,7.06,0.86%
1593,19950403,7.0,7.0,7.0,7.0,-0.85%
1594,19950331,7.06,7.06,7.06,7.06,0.43%
1595,19950330,7.03,7.03,7.03,7.03,-0.42%
1596,19950329,7.06,7.06,7.06,7.06,0.43%
1597,19950328,7.03,7.03,7.03,7.03,0.43%
1598,19950327,7.0,7.0,7.0,7.0,-1.69%
1599,19950324,7.12,7.12,7.12,7.12,1.71%
1600,19950323,7.0,7.0,7.0,7.0,-0.85%
1601,19950322,7.06,7.06,7.06,7.06,0.00%
1602,19950321,7.06,7.06,7.06,7.06,0.00%
1603,19950320,7.06,7.06,7.06,7.06,0.86%
1604,19950317,7.0,7.0,7.0,7.0,0.00%
1605,19950316,7.0,7.0,7.0,7.0,-0.85%
1606,19950315,7.06,7.06,7.06,7.06,0.00%
1607,19950314,7.06,7.06,7.06,7.06,-0.84%
1608,19950313,7.12,7.12,7.12,7.12,-0.14%
1609,19950310,7.13,7.13,7.13,7.13,-0.70%
1610,19950309,7.18,7.18,7.18,7.18,-5.77%
1611,19950308,7.62,7.62,7.62,7.62,7.93%
1612,19950307,7.06,7.06,7.06,7.06,1.88%
1613,19950306,6.93,6.93,6.93,6.93,-1.84%
1614,19950303,7.06,7.06,7.06,7.06,0.00%
1615,19950302,7.06,7.06,7.06,7.06,0.00%
1616,19950301,7.06,7.06,7.06,7.06,0.00%
1617,19950228,7.06,7.06,7.06,7.06,0.00%
1618,19950227,7.06,7.06,7.06,7.06,0.00%
1619,19950224,7.06,7.06,7.06,7.06,0.86%
1620,19950223,7.0,7.0,7.0,7.0,-0.85%
1621,19950222,7.06,7.06,7.06,7.06,-0.84%
1622,19950221,7.12,7.12,7.12,7.12,0.42%
1623,19950220,7.09,7.09,7.09,7.09,0.42%
1624,19950217,7.06,7.06,7.06,7.06,0.00%
1625,19950216,7.06,7.06,7.06,7.06,-0.98%
1626,19950215,7.13,7.13,7.13,7.13,-0.70%
1627,19950214,7.18,7.18,7.18,7.18,0.84%
1628,19950213,7.12,7.12,7.12,7.12,0.85%
1629,19950210,7.06,7.06,7.06,7.06,0.00%
1630,19950209,7.06,7.06,7.06,7.06,0.86%
1631,19950208,7.0,7.0,7.0,7.0,-11.84%
1632,19950207,7.94,7.94,7.94,7.94,12.46%
1633,19950206,7.06,7.06,7.06,7.06,-0.42%
1634,19950203,7.09,7.09,7.09,7.09,-0.42%
1635,19950202,7.12,7.12,7.12,7.12,3.19%
1636,19950201,6.9,6.9,6.9,6.9,-2.27%
1637,19950131,7.06,7.06,7.06,7.06,-4.98%
1638,19950130,7.43,7.43,7.43,7.43,-4.87%
1639,19950127,7.81,7.81,7.81,7.81,-0.76%
1640,19950126,7.87,7.87,7.87,7.87,11.47%
1641,19950125,7.06,7.06,7.06,7.06,0.00%
1642,19950124,7.06,7.06,7.06,7.06,-9.60%
1643,19950123,7.81,7.81,7.81,7.81,11.57%
1644,19950120,7.0,7.0,7.0,7.0,-9.68%
1645,19950119,7.75,7.75,7.75,7.75,10.71%
1646,19950118,7.0,7.0,7.0,7.0,1.74%
1647,19950117,6.88,6.88,6.88,6.88,-0.72%
1648,19950116,6.93,6.93,6.93,6.93,-9.41%
1649,19950113,7.65,7.65,7.65,7.65,12.33%
1650,19950112,6.81,6.81,6.81,6.81,-1.87%
1651,19950111,6.94,6.94,6.94,6.94,-0.86%
1652,19950110,7.0,7.0,7.0,7.0,0.00%
1653,19950109,7.0,7.0,7.0,7.0,1.01%
1654,19950106,6.93,6.93,6.93,6.93,-1.00%
1655,19950105,7.0,7.0,7.0,7.0,-0.85%
1656,19950104,7.06,7.06,7.06,7.06,0.00%
1657,19950103,7.06,7.06,7.06,7.06,-0.84%
